Power 0B,Power 1Y,Power 2G,Power 3W,Time,Trial Number
8.51,8.56,8.49,1.03,voltageMeasure,-1
204.00,212.00,190.00,0.00,14.00,0
204.00,206.00,186.00,0.00,32.00,0
216.00,206.00,194.00,0.00,48.00,0
200.00,204.00,194.00,0.00,76.00,0
11178.00,1986.00,1796.00,0.00,115.00,0
7514.00,1654.00,1226.00,0.00,153.00,0
7110.00,1500.00,1248.00,0.00,192.00,0
6692.00,1500.00,1248.00,0.00,229.00,0
6750.00,1544.00,1164.00,0.00,268.00,0
6702.00,1540.00,1166.00,0.00,307.00,0
6802.00,1600.00,1206.00,0.00,345.00,0
6544.00,1554.00,1138.00,0.00,384.00,0
6668.00,1592.00,1146.00,0.00,422.00,0
1318.00,1554.00,1156.00,0.00,461.00,0
974.00,1530.00,1206.00,0.00,498.00,0
1252.00,1560.00,7524.00,0.00,537.00,0
1226.00,8730.00,5004.00,0.00,576.00,0
1236.00,5410.00,5214.00,0.00,613.00,0
1246.00,4554.00,4944.00,0.00,652.00,0
1218.00,4414.00,4870.00,0.00,690.00,0
1190.00,4686.00,4754.00,0.00,729.00,0
1182.00,4434.00,4808.00,0.00,767.00,0
1216.00,3382.00,4352.00,0.00,806.00,0
1218.00,3058.00,3958.00,0.00,845.00,0
1196.00,3774.00,3912.00,0.00,883.00,0
1256.00,3158.00,4310.00,0.00,922.00,0
1186.00,3532.00,5040.00,0.00,960.00,0
1114.00,4420.00,5786.00,0.00,998.00,0
1150.00,3974.00,5568.00,0.00,1036.00,0
1092.00,4152.00,5570.00,0.00,1076.00,0
1166.00,3804.00,5338.00,0.00,1116.00,0
1102.00,3530.00,822.00,0.00,1154.00,0
1166.00,3736.00,1402.00,0.00,1194.00,0
1166.00,4572.00,1406.00,0.00,1233.00,0
1186.00,5542.00,1402.00,0.00,1273.00,0
1190.00,154.00,1392.00,0.00,1312.00,0
1202.00,1412.00,1422.00,0.00,1351.00,0
1180.00,1592.00,1418.00,0.00,1391.00,0
1206.00,1580.00,1336.00,0.00,1430.00,0
1228.00,1718.00,1366.00,0.00,1470.00,0
1262.00,1710.00,1364.00,0.00,1509.00,0
7288.00,1550.00,1380.00,0.00,1548.00,0
4964.00,1442.00,1268.00,0.00,1588.00,0
5698.00,1518.00,1282.00,0.00,1627.00,0
6904.00,1510.00,1390.00,0.00,1667.00,0
7382.00,1572.00,1392.00,0.00,1707.00,0
7238.00,1590.00,1314.00,0.00,1746.00,0
7300.00,1524.00,1330.00,0.00,1786.00,0
7130.00,1612.00,1360.00,0.00,1825.00,0
7536.00,1616.00,1402.00,0.00,1865.00,0
7192.00,1636.00,1298.00,0.00,1905.00,0
7258.00,1632.00,1392.00,0.00,1944.00,0
7364.00,1632.00,1454.00,0.00,1984.00,0
7010.00,1648.00,1284.00,0.00,2022.00,0
7062.00,1626.00,1426.00,0.00,2062.00,0
7232.00,1648.00,1438.00,0.00,2101.00,0
6714.00,1566.00,1452.00,0.00,2141.00,0
6580.00,1544.00,1490.00,0.00,2181.00,0
6288.00,1494.00,5902.00,0.00,2220.00,0
5374.00,1478.00,4584.00,0.00,2260.00,0
4562.00,1402.00,4382.00,0.00,2299.00,0
566.00,1402.00,4690.00,0.00,2338.00,0
894.00,8398.00,4516.00,0.00,2377.00,0
1062.00,5242.00,4912.00,0.00,2416.00,0
1098.00,4164.00,5524.00,0.00,2456.00,0
1118.00,3942.00,5440.00,0.00,2495.00,0
1156.00,3922.00,5298.00,0.00,2534.00,0
1170.00,3690.00,4854.00,0.00,2574.00,0
1150.00,3856.00,4382.00,0.00,2613.00,0
1176.00,4002.00,472.00,0.00,2652.00,0
1218.00,4736.00,1170.00,0.00,2691.00,0
1192.00,6066.00,1222.00,0.00,2731.00,0
1154.00,6078.00,1256.00,0.00,2771.00,0
1156.00,6114.00,1222.00,0.00,2810.00,0
1192.00,2130.00,1238.00,0.00,2850.00,0
1128.00,678.00,1242.00,0.00,2888.00,0
1228.00,1000.00,1238.00,0.00,2928.00,0
1216.00,1048.00,1216.00,0.00,2967.00,0
1190.00,1064.00,1274.00,0.00,3007.00,0
1248.00,1082.00,1242.00,0.00,3046.00,0
1216.00,1068.00,1284.00,0.00,3085.00,0
1288.00,1082.00,1268.00,0.00,3125.00,0
1324.00,1056.00,1272.00,0.00,3164.00,0
1298.00,1104.00,1324.00,0.00,3204.00,0
1236.00,1098.00,1314.00,0.00,3244.00,0
1294.00,1082.00,1288.00,0.00,3283.00,0
1288.00,1110.00,1300.00,0.00,3323.00,0
1256.00,1190.00,1298.00,0.00,3362.00,0
7600.00,1094.00,1304.00,0.00,3402.00,0
5276.00,1108.00,1202.00,0.00,3442.00,0
6248.00,1216.00,1318.00,0.00,3481.00,0
6504.00,1180.00,1264.00,0.00,3521.00,0
5822.00,1092.00,1382.00,0.00,3559.00,0
5768.00,1108.00,1418.00,0.00,3599.00,0
6016.00,1176.00,1462.00,0.00,3639.00,0
5738.00,1048.00,11318.00,0.00,3679.00,0
5442.00,1098.00,6140.00,0.00,3719.00,0
4332.00,1038.00,4952.00,0.00,3758.00,0
4038.00,1002.00,5324.00,0.00,3798.00,0
3686.00,1000.00,5322.00,0.00,3838.00,0
4046.00,1012.00,5450.00,0.00,3877.00,0
4512.00,10558.00,5456.00,0.00,3918.00,0
3680.00,5508.00,4516.00,0.00,3957.00,0
3240.00,3722.00,4046.00,0.00,3997.00,0
3230.00,3476.00,3886.00,0.00,4037.00,0
3038.00,3428.00,3674.00,0.00,4076.00,0
2942.00,3630.00,3766.00,0.00,4116.00,0
2968.00,3500.00,3512.00,0.00,4154.00,0
2832.00,3614.00,3312.00,0.00,4194.00,0
1304.00,3340.00,3304.00,0.00,4234.00,0
698.00,3650.00,4008.00,0.00,4272.00,0
1210.00,3614.00,4414.00,0.00,4312.00,0
1308.00,3454.00,26.00,0.00,4349.00,0
1380.00,3984.00,970.00,0.00,4388.00,0
1354.00,5748.00,1042.00,0.00,4427.00,0
1400.00,5850.00,1072.00,0.00,4467.00,0
1410.00,6338.00,1078.00,0.00,4507.00,0
1524.00,6458.00,1048.00,0.00,4546.00,0
1836.00,5728.00,1074.00,0.00,4586.00,0
1490.00,6556.00,1092.00,0.00,4624.00,0
1468.00,6784.00,1058.00,0.00,4664.00,0
1484.00,6098.00,1144.00,0.00,4704.00,0
1590.00,52.00,1098.00,0.00,4741.00,0
1564.00,992.00,1140.00,0.00,4780.00,0
1618.00,1138.00,1120.00,0.00,4819.00,0
1590.00,1128.00,1150.00,0.00,4859.00,0
1730.00,1124.00,1118.00,0.00,4898.00,0
1678.00,1156.00,1128.00,0.00,4938.00,0
1652.00,1228.00,1130.00,0.00,4978.00,0
1720.00,1154.00,1064.00,0.00,5017.00,0
1688.00,1170.00,1102.00,0.00,5057.00,0
1714.00,1160.00,1110.00,0.00,5095.00,0
1678.00,1134.00,1102.00,0.00,5135.00,0
1766.00,1170.00,1098.00,0.00,5175.00,0
1730.00,1134.00,1140.00,0.00,5214.00,0
1642.00,1154.00,1042.00,0.00,5254.00,0
9794.00,1170.00,1110.00,0.00,5293.00,0
6620.00,1180.00,1128.00,0.00,5333.00,0
7056.00,1298.00,1236.00,0.00,5373.00,0
6836.00,1256.00,7346.00,0.00,5412.00,0
6128.00,1246.00,5496.00,0.00,5452.00,0
5580.00,1138.00,5030.00,0.00,5491.00,0
5390.00,1140.00,5016.00,0.00,5531.00,0
5132.00,1088.00,5092.00,0.00,5571.00,0
5162.00,1092.00,4890.00,0.00,5610.00,0
4400.00,1104.00,4906.00,0.00,5649.00,0
5036.00,970.00,4886.00,0.00,5687.00,0
5102.00,1038.00,4942.00,0.00,5727.00,0
5056.00,1072.00,4762.00,0.00,5767.00,0
3902.00,7092.00,4184.00,0.00,5806.00,0
3594.00,4086.00,3680.00,0.00,5846.00,0
3346.00,3438.00,3742.00,0.00,5885.00,0
26.00,3084.00,3768.00,0.00,5923.00,0
832.00,3476.00,4326.00,0.00,5961.00,0
1026.00,3402.00,4624.00,0.00,6001.00,0
1120.00,3694.00,368.00,0.00,6040.00,0
1104.00,3848.00,1068.00,0.00,6079.00,0
1202.00,5118.00,1078.00,0.00,6118.00,0
1206.00,5724.00,1114.00,0.00,6157.00,0
1180.00,5282.00,1082.00,0.00,6197.00,0
1192.00,5800.00,1074.00,0.00,6237.00,0
1166.00,5842.00,1064.00,0.00,6276.00,0
1212.00,928.00,1144.00,0.00,6315.00,0
1228.00,1278.00,1164.00,0.00,6354.00,0
1238.00,1364.00,1156.00,0.00,6394.00,0
1222.00,1328.00,1182.00,0.00,6434.00,0
1238.00,1386.00,1094.00,0.00,6473.00,0
1232.00,1328.00,1128.00,0.00,6513.00,0
1222.00,1282.00,1098.00,0.00,6552.00,0
1226.00,1344.00,1082.00,0.00,6592.00,0
1212.00,1314.00,1120.00,0.00,6631.00,0
1252.00,1328.00,1134.00,0.00,6670.00,0
1236.00,1344.00,1120.00,0.00,6710.00,0
1238.00,1410.00,1120.00,0.00,6749.00,0
1252.00,1288.00,1110.00,0.00,6789.00,0
1262.00,1392.00,1156.00,0.00,6828.00,0
1268.00,1370.00,1166.00,0.00,6868.00,0
1258.00,1360.00,1174.00,0.00,6908.00,0
1262.00,1364.00,1176.00,0.00,6947.00,0
6990.00,1374.00,1138.00,0.00,6987.00,0
5790.00,1410.00,1212.00,0.00,7026.00,0
6656.00,1364.00,11840.00,0.00,7067.00,0
6764.00,1380.00,5990.00,0.00,7107.00,0
5932.00,1364.00,4584.00,0.00,7146.00,0
5728.00,1216.00,4578.00,0.00,7185.00,0
5052.00,1248.00,4752.00,0.00,7224.00,0
5322.00,1130.00,4712.00,0.00,7264.00,0
5354.00,1164.00,4754.00,0.00,7304.00,0
5242.00,11344.00,4554.00,0.00,7344.00,0
4554.00,5686.00,3674.00,0.00,7384.00,0
1582.00,4224.00,3502.00,0.00,7423.00,0
478.00,3588.00,3648.00,0.00,7462.00,0
956.00,3706.00,4092.00,0.00,7501.00,0
1062.00,3802.00,4138.00,0.00,7540.00,0
1064.00,2834.00,3768.00,0.00,7580.00,0
1028.00,4476.00,3476.00,0.00,7619.00,0
1072.00,4410.00,3676.00,0.00,7659.00,0
1108.00,3556.00,3484.00,0.00,7698.00,0
1056.00,4784.00,3680.00,0.00,7737.00,0
1084.00,4312.00,3458.00,0.00,7777.00,0
1062.00,3958.00,3398.00,0.00,7816.00,0
1110.00,3850.00,98.00,0.00,7854.00,0
1128.00,4040.00,1094.00,0.00,7893.00,0
1156.00,5040.00,1364.00,0.00,7933.00,0
1114.00,400.00,1428.00,0.00,7972.00,0
1150.00,1104.00,1468.00,0.00,8011.00,0
1150.00,1256.00,1500.00,0.00,8051.00,0
1120.00,1310.00,1490.00,0.00,8090.00,0
1130.00,1272.00,1490.00,0.00,8130.00,0
1166.00,1242.00,1518.00,0.00,8170.00,0
1134.00,1166.00,1508.00,0.00,8208.00,0
1160.00,1196.00,1462.00,0.00,8248.00,0
1130.00,1176.00,1546.00,0.00,8287.00,0
1108.00,1182.00,1490.00,0.00,8327.00,0
1176.00,1154.00,1534.00,0.00,8367.00,0
1180.00,1218.00,1454.00,0.00,8406.00,0
1190.00,1182.00,1482.00,0.00,8446.00,0
9244.00,1192.00,1468.00,0.00,8485.00,0
5112.00,1128.00,1464.00,0.00,8525.00,0
4296.00,1196.00,1488.00,0.00,8565.00,0
4512.00,1176.00,1374.00,0.00,8604.00,0
7494.00,1364.00,1282.00,0.00,8644.00,0
7654.00,1504.00,1304.00,0.00,8683.00,0
7904.00,1592.00,1370.00,0.00,8722.00,0
7714.00,1608.00,1328.00,0.00,8762.00,0
7776.00,1582.00,1216.00,0.00,8801.00,0
7736.00,1642.00,1328.00,0.00,8841.00,0
7848.00,1544.00,1360.00,0.00,8880.00,0
7636.00,1596.00,5784.00,0.00,8920.00,0
7626.00,1580.00,4758.00,0.00,8960.00,0
7606.00,14342.00,4892.00,0.00,9000.00,0
8110.00,8720.00,4152.00,0.00,9040.00,0
8142.00,8120.00,3844.00,0.00,9079.00,0
8468.00,8080.00,3938.00,0.00,9119.00,0
8632.00,6702.00,4060.00,0.00,9158.00,0
5842.00,4820.00,3706.00,0.00,9198.00,0
20.00,4368.00,3536.00,0.00,9236.00,0
928.00,3748.00,3470.00,0.00,9273.00,0
1170.00,3634.00,3584.00,0.00,9313.00,0
1218.00,3566.00,3742.00,0.00,9352.00,0
1308.00,3696.00,3784.00,0.00,9392.00,0
1324.00,3540.00,3774.00,0.00,9432.00,0
1268.00,3736.00,750.00,0.00,9470.00,0
1238.00,4010.00,966.00,0.00,9509.00,0
1212.00,4544.00,1684.00,0.00,9548.00,0
1292.00,5302.00,1730.00,0.00,9588.00,0
1246.00,6236.00,1734.00,0.00,9628.00,0
1210.00,5560.00,1798.00,0.00,9667.00,0
1146.00,6652.00,1770.00,0.00,9707.00,0
1252.00,5650.00,1780.00,0.00,9745.00,0
1212.00,5940.00,1724.00,0.00,9785.00,0
1202.00,134.00,1806.00,0.00,9823.00,0
1186.00,1038.00,1854.00,0.00,9863.00,0
1324.00,1264.00,1908.00,0.00,9903.00,0
1308.00,1216.00,1910.00,0.00,9942.00,0
1248.00,1300.00,1916.00,0.00,9982.00,0
1294.00,1328.00,1884.00,0.00,10021.00,0
1268.00,1278.00,1900.00,0.00,10062.00,0
1320.00,1216.00,1894.00,0.00,10103.00,0
1318.00,1200.00,1982.00,0.00,10143.00,0
1274.00,1228.00,1940.00,0.00,10184.00,0
1336.00,1242.00,1940.00,0.00,10225.00,0
1310.00,1206.00,1956.00,0.00,10265.00,0
6970.00,1238.00,1894.00,0.00,10306.00,0
4958.00,1274.00,1740.00,0.00,10346.00,0
7936.00,1350.00,1704.00,0.00,10386.00,0
8088.00,1484.00,1674.00,0.00,10427.00,0
8090.00,1566.00,1806.00,0.00,10467.00,0
8136.00,1600.00,1744.00,0.00,10508.00,0
7988.00,1582.00,6792.00,0.00,10548.00,0
7976.00,1436.00,5378.00,0.00,10589.00,0
7950.00,1518.00,5532.00,0.00,10630.00,0
7862.00,1534.00,5662.00,0.00,10670.00,0
7916.00,1564.00,5434.00,0.00,10711.00,0
7874.00,1504.00,5324.00,0.00,10751.00,0
7868.00,1570.00,5194.00,0.00,10792.00,0
7936.00,1510.00,5250.00,0.00,10833.00,0
7838.00,11010.00,5112.00,0.00,10874.00,0
204.00,7422.00,4788.00,0.00,10914.00,0
1360.00,7002.00,4690.00,0.00,10954.00,0
1572.00,6574.00,4536.00,0.00,10995.00,0
1652.00,6494.00,4374.00,0.00,11036.00,0
1682.00,6380.00,4214.00,0.00,11076.00,0
1654.00,6462.00,4128.00,0.00,11117.00,0
1638.00,6312.00,498.00,0.00,11157.00,0
1694.00,6524.00,1218.00,0.00,11196.00,0
1320.00,4562.00,1374.00,0.00,11237.00,0
1140.00,4804.00,1364.00,0.00,11277.00,0
1140.00,5668.00,1364.00,0.00,11318.00,0
1124.00,5234.00,1364.00,0.00,11359.00,0
1098.00,5774.00,1366.00,0.00,11399.00,0
1128.00,6068.00,1406.00,0.00,11440.00,0
1108.00,5902.00,1366.00,0.00,11480.00,0
1144.00,678.00,1402.00,0.00,11520.00,0
1226.00,1428.00,1386.00,0.00,11561.00,0
1196.00,1436.00,1402.00,0.00,11601.00,0
1130.00,1422.00,1376.00,0.00,11642.00,0
1206.00,1482.00,1428.00,0.00,11682.00,0
1146.00,1488.00,1454.00,0.00,11723.00,0
1202.00,1432.00,1436.00,0.00,11764.00,0
1182.00,1428.00,1406.00,0.00,11804.00,0
1164.00,1482.00,1402.00,0.00,11845.00,0
1192.00,1494.00,1400.00,0.00,11885.00,0
1130.00,1490.00,1402.00,0.00,11926.00,0
10898.00,1458.00,1402.00,0.00,11968.00,0
5470.00,1318.00,1382.00,0.00,12007.00,0
4220.00,1328.00,1376.00,0.00,12048.00,0
4470.00,1582.00,1382.00,0.00,12089.00,0
7716.00,1790.00,1380.00,0.00,12129.00,0
8006.00,1832.00,1482.00,0.00,12170.00,0
8028.00,1976.00,7028.00,0.00,12210.00,0
8054.00,1920.00,5016.00,0.00,12251.00,0
7930.00,1960.00,5234.00,0.00,12292.00,0
8002.00,1936.00,5524.00,0.00,12332.00,0
806.00,1976.00,5256.00,0.00,12372.00,0
1182.00,1992.00,5236.00,0.00,12412.00,0
1546.00,1980.00,5046.00,0.00,12453.00,0
1600.00,1944.00,5138.00,0.00,12494.00,0
1592.00,1890.00,5518.00,0.00,12534.00,0
1576.00,8330.00,5040.00,0.00,12575.00,0
1618.00,6476.00,5080.00,0.00,12615.00,0
1602.00,5866.00,4816.00,0.00,12656.00,0
1626.00,5614.00,4300.00,0.00,12697.00,0
1638.00,5550.00,4162.00,0.00,12737.00,0
1608.00,5624.00,4054.00,0.00,12778.00,0
1672.00,5532.00,4168.00,0.00,12817.00,0
1682.00,5508.00,4302.00,0.00,12858.00,0
1672.00,5574.00,4526.00,0.00,12899.00,0
1694.00,5378.00,4450.00,0.00,12939.00,0
1626.00,5450.00,2280.00,0.00,12980.00,0
1682.00,5614.00,658.00,0.00,13020.00,0
1632.00,2388.00,1228.00,0.00,13060.00,0
1644.00,1370.00,1314.00,0.00,13101.00,0
1278.00,1412.00,1294.00,0.00,13141.00,0
1164.00,1364.00,1324.00,0.00,13182.00,0
1216.00,1446.00,1324.00,0.00,13223.00,0
1180.00,1498.00,1350.00,0.00,13263.00,0
1212.00,1498.00,1300.00,0.00,13304.00,0
1232.00,1514.00,1350.00,0.00,13344.00,0
1200.00,1500.00,1308.00,0.00,13385.00,0
1264.00,1474.00,1354.00,0.00,13426.00,0
5588.00,1438.00,1370.00,0.00,13466.00,0
3974.00,1324.00,1320.00,0.00,13507.00,0
3526.00,1354.00,1330.00,0.00,13547.00,0
4002.00,1528.00,1336.00,0.00,13588.00,0
6666.00,1772.00,1258.00,0.00,13628.00,0
6894.00,1960.00,1308.00,0.00,13668.00,0
7526.00,2196.00,1422.00,0.00,13709.00,0
8566.00,2160.00,1632.00,0.00,13749.00,0
8582.00,2186.00,1802.00,0.00,13790.00,0
8586.00,2176.00,1766.00,0.00,13831.00,0
8546.00,2242.00,1754.00,0.00,13871.00,0
8514.00,2176.00,1772.00,0.00,13912.00,0
8398.00,2166.00,1760.00,0.00,13953.00,0
8432.00,2162.00,1770.00,0.00,13993.00,0
8452.00,2134.00,1756.00,0.00,14034.00,0
8038.00,2088.00,6518.00,0.00,14074.00,0
7104.00,2064.00,4374.00,0.00,14115.00,0
6966.00,8162.00,4080.00,0.00,14156.00,0
6934.00,6646.00,3900.00,0.00,14196.00,0
1546.00,6068.00,4220.00,0.00,14237.00,0
2074.00,5914.00,4296.00,0.00,14277.00,0
2228.00,5970.00,4086.00,0.00,14318.00,0
2228.00,5856.00,4054.00,0.00,14359.00,0
2232.00,5856.00,3860.00,0.00,14399.00,0
2268.00,5816.00,3948.00,0.00,14439.00,0
2248.00,5724.00,4038.00,0.00,14479.00,0
2238.00,5786.00,4070.00,0.00,14520.00,0
2278.00,102.00,4018.00,0.00,14560.00,0
2254.00,1210.00,4588.00,0.00,14600.00,0
2330.00,1524.00,4978.00,0.00,14641.00,0
2306.00,1550.00,4954.00,0.00,14681.00,0
2288.00,1602.00,4882.00,0.00,14722.00,0
2298.00,1606.00,4814.00,0.00,14763.00,0
2294.00,1536.00,4968.00,0.00,14803.00,0
2304.00,1636.00,1130.00,0.00,14844.00,0
2284.00,1654.00,1590.00,0.00,14885.00,0
2232.00,1672.00,1644.00,0.00,14925.00,0
2310.00,1628.00,1662.00,0.00,14966.00,0
2290.00,1648.00,1638.00,0.00,15006.00,0
2340.00,1674.00,1684.00,0.00,15047.00,0
2306.00,1668.00,1658.00,0.00,15088.00,0
2252.00,1688.00,1638.00,0.00,15128.00,0
2288.00,1658.00,1708.00,0.00,15169.00,0
2274.00,1664.00,1600.00,0.00,15209.00,0
2264.00,1668.00,1638.00,0.00,15249.00,0
8796.00,1626.00,1638.00,0.00,15290.00,0
7482.00,1668.00,1602.00,0.00,15330.00,0
7128.00,1662.00,1618.00,0.00,15371.00,0
7118.00,1704.00,1638.00,0.00,15411.00,0
7074.00,1632.00,1662.00,0.00,15452.00,0
7012.00,1654.00,1672.00,0.00,15493.00,0
6996.00,1622.00,1636.00,0.00,15533.00,0
7032.00,1654.00,1688.00,0.00,15574.00,0
7006.00,9958.00,1616.00,0.00,15614.00,0
6946.00,6996.00,1672.00,0.00,15655.00,0
7094.00,6630.00,1622.00,0.00,15696.00,0
4872.00,5224.00,1632.00,0.00,15736.00,0
3602.00,5660.00,1576.00,0.00,15777.00,0
3320.00,5404.00,1540.00,0.00,15818.00,0
3044.00,5404.00,1564.00,0.00,15858.00,0
3054.00,4718.00,5976.00,0.00,15899.00,0
3136.00,4282.00,4328.00,0.00,15939.00,0
3234.00,3856.00,4034.00,0.00,15980.00,0
348.00,3920.00,3992.00,0.00,16020.00,0
1098.00,3618.00,3604.00,0.00,16059.00,0
1340.00,3526.00,3582.00,0.00,16100.00,0
1340.00,3702.00,3572.00,0.00,16140.00,0
1344.00,802.00,3648.00,0.00,16180.00,0
1382.00,858.00,3684.00,0.00,16220.00,0
1694.00,1370.00,4228.00,0.00,16260.00,0
2192.00,1382.00,5250.00,0.00,16301.00,0
2186.00,1428.00,5190.00,0.00,16341.00,0
2170.00,1346.00,4932.00,0.00,16382.00,0
2180.00,1390.00,5134.00,0.00,16423.00,0
2254.00,1354.00,5226.00,0.00,16463.00,0
2152.00,1364.00,5506.00,0.00,16504.00,0
2126.00,1346.00,5768.00,0.00,16544.00,0
2216.00,1330.00,5446.00,0.00,16585.00,0
2180.00,1366.00,5758.00,0.00,16626.00,0
2150.00,1364.00,98.00,0.00,16664.00,0
2206.00,1366.00,1252.00,0.00,16705.00,0
2150.00,1428.00,1524.00,0.00,16745.00,0
2228.00,1446.00,1520.00,0.00,16785.00,0
2218.00,1412.00,1550.00,0.00,16826.00,0
2182.00,1436.00,1518.00,0.00,16866.00,0
2224.00,1442.00,1586.00,0.00,16907.00,0
2182.00,1478.00,1528.00,0.00,16948.00,0
2216.00,1412.00,1586.00,0.00,16988.00,0
2202.00,1474.00,1524.00,0.00,17029.00,0
9814.00,1446.00,1582.00,0.00,17069.00,0
8586.00,1454.00,1494.00,0.00,17110.00,0
8490.00,1432.00,1510.00,0.00,17151.00,0
8320.00,1490.00,1504.00,0.00,17191.00,0
8320.00,11168.00,1494.00,0.00,17233.00,0
7452.00,7136.00,1514.00,0.00,17273.00,0
4594.00,4998.00,1386.00,0.00,17314.00,0
3684.00,5322.00,1334.00,0.00,17355.00,0
3592.00,5280.00,1392.00,0.00,17395.00,0
3604.00,5236.00,1382.00,0.00,17436.00,0
3474.00,5442.00,1390.00,0.00,17476.00,0
3532.00,5462.00,1396.00,0.00,17517.00,0
104.00,5410.00,1366.00,0.00,17557.00,0
810.00,6232.00,1438.00,0.00,17595.00,0
1000.00,6692.00,1426.00,0.00,17636.00,0
1026.00,6476.00,1422.00,0.00,17676.00,0
1072.00,6276.00,8854.00,0.00,17717.00,0
1104.00,5394.00,4866.00,0.00,17758.00,0
1042.00,4798.00,4136.00,0.00,17798.00,0
1130.00,4286.00,3686.00,0.00,17839.00,0
1092.00,4128.00,3608.00,0.00,17880.00,0
1092.00,554.00,3568.00,0.00,17919.00,0
1068.00,744.00,3654.00,0.00,17959.00,0
1144.00,894.00,4122.00,0.00,17998.00,0
1346.00,1052.00,5178.00,0.00,18039.00,0
1504.00,1190.00,5138.00,0.00,18080.00,0
1504.00,1236.00,5280.00,0.00,18120.00,0
1464.00,1268.00,5144.00,0.00,18161.00,0
1490.00,1248.00,5542.00,0.00,18201.00,0
1482.00,1268.00,5436.00,0.00,18242.00,0
1490.00,1210.00,5424.00,0.00,18283.00,0
1528.00,1128.00,6318.00,0.00,18322.00,0
1520.00,1118.00,6220.00,0.00,18363.00,0
1482.00,1088.00,6386.00,0.00,18403.00,0
1520.00,1094.00,6232.00,0.00,18444.00,0
1518.00,1146.00,236.00,0.00,18484.00,0
1530.00,1130.00,1416.00,0.00,18524.00,0
1500.00,1190.00,1612.00,0.00,18565.00,0
9728.00,1258.00,1644.00,0.00,18605.00,0
8278.00,1310.00,1688.00,0.00,18646.00,0
7988.00,1310.00,1730.00,0.00,18687.00,0
7822.00,1328.00,1736.00,0.00,18727.00,0
7700.00,1294.00,1672.00,0.00,18768.00,0
7628.00,1294.00,1756.00,0.00,18808.00,0
7580.00,1320.00,1682.00,0.00,18849.00,0
7652.00,1310.00,1734.00,0.00,18890.00,0
7616.00,1284.00,1688.00,0.00,18930.00,0
7684.00,9968.00,1688.00,0.00,18971.00,0
6638.00,6068.00,1606.00,0.00,19012.00,0
4194.00,4164.00,1546.00,0.00,19052.00,0
334.00,4096.00,1488.00,0.00,19092.00,0
888.00,4604.00,1498.00,0.00,19130.00,0
1118.00,4830.00,1494.00,0.00,19171.00,0
1110.00,5360.00,1498.00,0.00,19212.00,0
1160.00,5430.00,1544.00,0.00,19252.00,0
1166.00,5190.00,1508.00,0.00,19293.00,0
1124.00,5646.00,1488.00,0.00,19333.00,0
1128.00,5780.00,1490.00,0.00,19374.00,0
1156.00,1652.00,1550.00,0.00,19415.00,0
1206.00,1020.00,1554.00,0.00,19455.00,0
1182.00,1256.00,1576.00,0.00,19496.00,0
1226.00,1314.00,9106.00,0.00,19536.00,0
1210.00,1256.00,5452.00,0.00,19577.00,0
1238.00,1336.00,4522.00,0.00,19618.00,0
1226.00,1336.00,4328.00,0.00,19658.00,0
1536.00,1586.00,4748.00,0.00,19699.00,0
1760.00,1744.00,4922.00,0.00,19739.00,0
1770.00,1772.00,5044.00,0.00,19780.00,0
1700.00,1802.00,4926.00,0.00,19821.00,0
1762.00,1790.00,5044.00,0.00,19861.00,0
1762.00,1780.00,5066.00,0.00,19902.00,0
1762.00,1744.00,5030.00,0.00,19942.00,0
1690.00,1812.00,4820.00,0.00,19982.00,0
1772.00,1822.00,4676.00,0.00,20023.00,0
1726.00,1802.00,730.00,0.00,20062.00,0
1776.00,1836.00,1570.00,0.00,20103.00,0
10574.00,1844.00,1710.00,0.00,20145.00,0
8366.00,1848.00,1734.00,0.00,20185.00,0
7844.00,1828.00,1664.00,0.00,20226.00,0
7746.00,1832.00,1694.00,0.00,20266.00,0
7806.00,1872.00,1710.00,0.00,20307.00,0
7688.00,1844.00,1720.00,0.00,20348.00,0
7700.00,1854.00,1718.00,0.00,20388.00,0
7632.00,1916.00,1700.00,0.00,20429.00,0
7582.00,14782.00,1746.00,0.00,20470.00,0
7146.00,7806.00,1662.00,0.00,20511.00,0
4588.00,4772.00,1606.00,0.00,20552.00,0
3512.00,4404.00,1564.00,0.00,20592.00,0
3382.00,4974.00,1546.00,0.00,20633.00,0
3254.00,5272.00,1580.00,0.00,20673.00,0
3194.00,5316.00,1550.00,0.00,20714.00,0
734.00,5220.00,1536.00,0.00,20753.00,0
784.00,5796.00,1556.00,0.00,20792.00,0
1020.00,6426.00,1494.00,0.00,20833.00,0
1124.00,5826.00,1518.00,0.00,20874.00,0
1156.00,6150.00,1570.00,0.00,20914.00,0
1118.00,6544.00,1602.00,0.00,20955.00,0
1186.00,6504.00,1576.00,0.00,20995.00,0
1176.00,0.00,1566.00,0.00,21033.00,0
1192.00,956.00,1622.00,0.00,21072.00,0
1196.00,1074.00,8094.00,0.00,21113.00,0
1238.00,1182.00,5414.00,0.00,21154.00,0
1268.00,1186.00,5230.00,0.00,21194.00,0
1756.00,1320.00,6390.00,0.00,21235.00,0
1714.00,1390.00,6282.00,0.00,21276.00,0
1766.00,1320.00,6168.00,0.00,21316.00,0
1734.00,1222.00,5974.00,0.00,21357.00,0
1776.00,1210.00,5842.00,0.00,21397.00,0
1714.00,1196.00,6022.00,0.00,21438.00,0
1772.00,1196.00,5980.00,0.00,21478.00,0
1744.00,1182.00,5960.00,0.00,21518.00,0
1710.00,1228.00,5512.00,0.00,21559.00,0
1726.00,1196.00,5712.00,0.00,21599.00,0
1730.00,1156.00,5804.00,0.00,21640.00,0
1730.00,1164.00,5666.00,0.00,21681.00,0
1756.00,1210.00,5578.00,0.00,21721.00,0
1756.00,1186.00,5478.00,0.00,21762.00,0
11976.00,1182.00,5446.00,0.00,21803.00,0
8946.00,1226.00,554.00,0.00,21843.00,0
8296.00,1238.00,1048.00,0.00,21884.00,0
8134.00,1356.00,1160.00,0.00,21924.00,0
8008.00,1412.00,1202.00,0.00,21965.00,0
8034.00,1418.00,1182.00,0.00,22006.00,0
7944.00,1438.00,1154.00,0.00,22046.00,0
7944.00,10722.00,1170.00,0.00,22088.00,0
8044.00,7246.00,1262.00,0.00,22128.00,0
6586.00,5514.00,1146.00,0.00,22169.00,0
4390.00,4860.00,1094.00,0.00,22210.00,0
78.00,5426.00,1088.00,0.00,22247.00,0
816.00,6046.00,1072.00,0.00,22287.00,0
964.00,6052.00,1124.00,0.00,22326.00,0
1010.00,5804.00,1150.00,0.00,22367.00,0
1092.00,5876.00,1114.00,0.00,22408.00,0
1108.00,6410.00,1120.00,0.00,22448.00,0
1026.00,5918.00,1124.00,0.00,22489.00,0
1072.00,5732.00,1120.00,0.00,22529.00,0
1048.00,6242.00,1118.00,0.00,22570.00,0
1074.00,6092.00,1114.00,0.00,22611.00,0
1098.00,5908.00,1104.00,0.00,22651.00,0
1010.00,6554.00,1128.00,0.00,22692.00,0
1026.00,6124.00,1102.00,0.00,22732.00,0
1084.00,5652.00,1062.00,0.00,22773.00,0
1094.00,6292.00,1092.00,0.00,22814.00,0
1052.00,812.00,1110.00,0.00,22853.00,0
1118.00,1246.00,7826.00,0.00,22894.00,0
1144.00,1300.00,5332.00,0.00,22934.00,0
1064.00,1210.00,4790.00,0.00,22975.00,0
1262.00,1406.00,5394.00,0.00,23015.00,0
1294.00,1422.00,5814.00,0.00,23055.00,0
1428.00,1458.00,5472.00,0.00,23096.00,0
1206.00,1200.00,5840.00,0.00,23137.00,0
1344.00,1396.00,5626.00,0.00,23177.00,0
1528.00,1484.00,5774.00,0.00,23218.00,0
1500.00,1530.00,5390.00,0.00,23258.00,0
9928.00,1458.00,5980.00,0.00,23299.00,0
8582.00,1544.00,5712.00,0.00,23340.00,0
8248.00,1464.00,5558.00,0.00,23380.00,0
8016.00,1500.00,5436.00,0.00,23421.00,0
7898.00,1472.00,5168.00,0.00,23461.00,0
7980.00,1508.00,6.00,0.00,23499.00,0
7944.00,1482.00,986.00,0.00,23539.00,0
7914.00,1654.00,1232.00,0.00,23579.00,0
7934.00,1770.00,1264.00,0.00,23620.00,0
7864.00,1802.00,1264.00,0.00,23660.00,0
7930.00,1806.00,1294.00,0.00,23701.00,0
7822.00,1812.00,1278.00,0.00,23742.00,0
7864.00,1844.00,1262.00,0.00,23781.00,0
7952.00,1812.00,1226.00,0.00,23822.00,0
7834.00,1776.00,1298.00,0.00,23862.00,0
7834.00,9728.00,1256.00,0.00,23903.00,0
5426.00,5610.00,1236.00,0.00,23944.00,0
3910.00,5532.00,1160.00,0.00,23984.00,0
3368.00,5242.00,1146.00,0.00,24025.00,0
3474.00,5606.00,1166.00,0.00,24065.00,0
62.00,5794.00,1160.00,0.00,24104.00,0
822.00,6380.00,1176.00,0.00,24144.00,0
1016.00,6242.00,1180.00,0.00,24184.00,0
1074.00,6492.00,1180.00,0.00,24225.00,0
1072.00,5914.00,1150.00,0.00,24265.00,0
1042.00,6262.00,1166.00,0.00,24306.00,0
1088.00,6436.00,1182.00,0.00,24347.00,0
1098.00,6014.00,1156.00,0.00,24387.00,0
1052.00,6734.00,1216.00,0.00,24428.00,0
1082.00,6524.00,1170.00,0.00,24469.00,0
1056.00,6406.00,1166.00,0.00,24508.00,0
1102.00,6104.00,8434.00,0.00,24549.00,0
1074.00,5348.00,4744.00,0.00,24589.00,0
1072.00,2576.00,3988.00,0.00,24630.00,0
1166.00,298.00,3922.00,0.00,24670.00,0
1128.00,872.00,4128.00,0.00,24709.00,0
1304.00,1134.00,4634.00,0.00,24750.00,0
1498.00,1134.00,5092.00,0.00,24790.00,0
1514.00,1170.00,5036.00,0.00,24831.00,0
1554.00,1108.00,5282.00,0.00,24872.00,0
1500.00,1114.00,5170.00,0.00,24912.00,0
1524.00,1094.00,5240.00,0.00,24953.00,0
1518.00,1146.00,5134.00,0.00,24993.00,0
1500.00,1088.00,5178.00,0.00,25034.00,0
1560.00,1120.00,5338.00,0.00,25075.00,0
1534.00,1092.00,5190.00,0.00,25115.00,0
9696.00,1128.00,1196.00,0.00,25156.00,0
8490.00,1228.00,1648.00,0.00,25196.00,0
8274.00,1218.00,1792.00,0.00,25237.00,0
8186.00,1156.00,1776.00,0.00,25278.00,0
8192.00,1278.00,1776.00,0.00,25317.00,0
8106.00,1156.00,1786.00,0.00,25358.00,0
8008.00,1154.00,1808.00,0.00,25398.00,0
8054.00,1200.00,1790.00,0.00,25439.00,0
7936.00,1154.00,1744.00,0.00,25480.00,0
7944.00,1252.00,1726.00,0.00,25520.00,0
7926.00,1222.00,1790.00,0.00,25561.00,0
7966.00,1170.00,1782.00,0.00,25602.00,0
7940.00,1300.00,1780.00,0.00,25642.00,0
7980.00,1218.00,1776.00,0.00,25683.00,0
7436.00,7638.00,1740.00,0.00,25723.00,0
4880.00,4464.00,1654.00,0.00,25764.00,0
3774.00,3766.00,1544.00,0.00,25805.00,0
212.00,4564.00,1544.00,0.00,25844.00,0
872.00,5724.00,1582.00,0.00,25884.00,0
1082.00,6016.00,1530.00,0.00,25924.00,0
1078.00,5230.00,1564.00,0.00,25965.00,0
1138.00,5984.00,1586.00,0.00,26006.00,0
1092.00,5904.00,1582.00,0.00,26046.00,0
1052.00,5886.00,1570.00,0.00,26086.00,0
1140.00,5534.00,1570.00,0.00,26126.00,0
1088.00,5564.00,1600.00,0.00,26167.00,0
1154.00,436.00,6560.00,0.00,26207.00,0
1124.00,1124.00,4790.00,0.00,26247.00,0
1164.00,1212.00,4060.00,0.00,26288.00,0
1274.00,1200.00,4728.00,0.00,26328.00,0
1426.00,1356.00,5216.00,0.00,26369.00,0
1698.00,1336.00,5472.00,0.00,26410.00,0
1674.00,1438.00,5296.00,0.00,26450.00,0
1730.00,1340.00,5678.00,0.00,26491.00,0
1762.00,1374.00,5488.00,0.00,26532.00,0
1694.00,1320.00,5400.00,0.00,26572.00,0
1720.00,1392.00,370.00,0.00,26612.00,0
1714.00,1412.00,1246.00,0.00,26652.00,0
1652.00,1618.00,1402.00,0.00,26693.00,0
1724.00,1746.00,1418.00,0.00,26734.00,0
1750.00,1744.00,1428.00,0.00,26774.00,0
1672.00,1736.00,1410.00,0.00,26815.00,0
1726.00,1756.00,1426.00,0.00,26854.00,0
9874.00,1694.00,1416.00,0.00,26895.00,0
9084.00,1654.00,1472.00,0.00,26936.00,0
8288.00,1746.00,1364.00,0.00,26976.00,0
8540.00,1684.00,1510.00,0.00,27017.00,0
9574.00,1572.00,1648.00,0.00,27057.00,0
9612.00,1462.00,1862.00,0.00,27098.00,0
9556.00,1556.00,1862.00,0.00,27139.00,0
9608.00,1510.00,1872.00,0.00,27179.00,0
9548.00,1708.00,1872.00,0.00,27220.00,0
9546.00,8986.00,1904.00,0.00,27260.00,0
318.00,7340.00,1828.00,0.00,27300.00,0
1366.00,7648.00,1524.00,0.00,27341.00,0
1590.00,7566.00,1510.00,0.00,27381.00,0
1638.00,7626.00,1528.00,0.00,27422.00,0
1628.00,7452.00,1566.00,0.00,27462.00,0
1642.00,7504.00,1556.00,0.00,27503.00,0
1628.00,7576.00,1520.00,0.00,27544.00,0
1648.00,7412.00,1580.00,0.00,27584.00,0
1674.00,7580.00,1540.00,0.00,27625.00,0
1644.00,7284.00,8742.00,0.00,27665.00,0
1406.00,5260.00,5564.00,0.00,27705.00,0
1170.00,4102.00,4390.00,0.00,27746.00,0
1072.00,3716.00,4300.00,0.00,27786.00,0
1128.00,3352.00,4126.00,0.00,27827.00,0
1078.00,3486.00,3946.00,0.00,27868.00,0
1164.00,3250.00,3726.00,0.00,27908.00,0
1056.00,3614.00,3562.00,0.00,27949.00,0
1062.00,3788.00,3156.00,0.00,27989.00,0
1074.00,3676.00,4070.00,0.00,28030.00,0
1052.00,738.00,4352.00,0.00,28070.00,0
1102.00,740.00,4214.00,0.00,28109.00,0
1114.00,1042.00,4978.00,0.00,28150.00,0
1268.00,1190.00,5784.00,0.00,28190.00,0
1110.00,1012.00,5698.00,0.00,28231.00,0
1318.00,1256.00,5724.00,0.00,28272.00,0
1436.00,1166.00,5758.00,0.00,28312.00,0
14316.00,1180.00,5986.00,0.00,28354.00,0
9510.00,1256.00,5020.00,0.00,28394.00,0
8588.00,1238.00,5610.00,0.00,28434.00,0
8408.00,1274.00,5306.00,0.00,28475.00,0
8406.00,1298.00,288.00,0.00,28514.00,0
8336.00,1370.00,940.00,0.00,28554.00,0
8224.00,1546.00,1146.00,0.00,28595.00,0
8268.00,1536.00,1150.00,0.00,28635.00,0
8198.00,1504.00,1182.00,0.00,28676.00,0
8258.00,1566.00,1186.00,0.00,28716.00,0
8258.00,1570.00,1196.00,0.00,28757.00,0
488.00,1546.00,1164.00,0.00,28797.00,0
1088.00,1546.00,1164.00,0.00,28837.00,0
1228.00,1608.00,1206.00,0.00,28878.00,0
1264.00,1608.00,1196.00,0.00,28918.00,0
1226.00,1612.00,1216.00,0.00,28959.00,0
1262.00,1616.00,1212.00,0.00,29000.00,0
1292.00,1626.00,1196.00,0.00,29040.00,0
1268.00,1618.00,1190.00,0.00,29081.00,0
1272.00,10768.00,1166.00,0.00,29122.00,0
1048.00,5986.00,1182.00,0.00,29163.00,0
1000.00,5316.00,1102.00,0.00,29204.00,0
984.00,5826.00,1102.00,0.00,29242.00,0
966.00,5578.00,1104.00,0.00,29282.00,0
1006.00,5616.00,1104.00,0.00,29322.00,0
940.00,6184.00,1098.00,0.00,29362.00,0
970.00,5852.00,1114.00,0.00,29402.00,0
934.00,6022.00,1084.00,0.00,29441.00,0
956.00,6206.00,1094.00,0.00,29481.00,0
954.00,5862.00,1138.00,0.00,29520.00,0
934.00,6380.00,9834.00,0.00,29560.00,0
954.00,5004.00,4584.00,0.00,29600.00,0
944.00,4436.00,4172.00,0.00,29639.00,0
984.00,1986.00,3700.00,0.00,29679.00,0
980.00,508.00,3830.00,0.00,29717.00,1
1010.00,1010.00,3920.00,0.00,29758.00,1
1038.00,1200.00,4346.00,0.00,29798.00,1
200.00,206.00,190.00,0.00,16.00,1
204.00,206.00,190.00,0.00,32.00,1
200.00,204.00,184.00,0.00,48.00,1
200.00,196.00,186.00,0.00,77.00,1
9828.00,10246.00,8474.00,0.00,115.00,1
5234.00,5514.00,4798.00,0.00,154.00,1
3778.00,4164.00,822.00,0.00,191.00,1
3598.00,3608.00,688.00,0.00,229.00,1
3926.00,3982.00,1026.00,0.00,267.00,1
4346.00,728.00,956.00,0.00,303.00,1
3820.00,5626.00,1078.00,0.00,342.00,1
4250.00,5738.00,1006.00,0.00,380.00,1
3884.00,1236.00,1082.00,0.00,419.00,1
3818.00,1046.00,1118.00,0.00,457.00,1
4328.00,1268.00,1210.00,0.00,496.00,1
5306.00,1232.00,1228.00,0.00,535.00,1
5820.00,1176.00,1268.00,0.00,573.00,1
5624.00,1164.00,1256.00,0.00,612.00,1
118.00,1212.00,1232.00,0.00,648.00,1
1350.00,1202.00,1288.00,0.00,687.00,1
1500.00,1218.00,1354.00,0.00,725.00,1
1490.00,1246.00,1256.00,0.00,764.00,1
1478.00,1268.00,1334.00,0.00,803.00,1
1446.00,1242.00,1410.00,0.00,841.00,1
1514.00,1236.00,1328.00,0.00,880.00,1
1390.00,1212.00,1380.00,0.00,918.00,1
1472.00,1218.00,1392.00,0.00,957.00,1
1474.00,1252.00,1400.00,0.00,995.00,1
1472.00,1236.00,1376.00,0.00,1033.00,1
1474.00,1258.00,1380.00,0.00,1073.00,1
1488.00,1236.00,1380.00,0.00,1112.00,1
1504.00,1226.00,1366.00,0.00,1152.00,1
1482.00,1262.00,1438.00,0.00,1191.00,1
1472.00,1278.00,1416.00,0.00,1231.00,1
1382.00,1222.00,6046.00,0.00,1271.00,1
1390.00,1196.00,5240.00,0.00,1310.00,1
1490.00,1062.00,5560.00,0.00,1350.00,1
1520.00,1082.00,5856.00,0.00,1389.00,1
1438.00,1150.00,5846.00,0.00,1429.00,1
1422.00,12072.00,5868.00,0.00,1470.00,1
1412.00,6436.00,5252.00,0.00,1509.00,1
1346.00,5026.00,4544.00,0.00,1549.00,1
1298.00,4906.00,4318.00,0.00,1587.00,1
1252.00,4702.00,4292.00,0.00,1627.00,1
1228.00,4650.00,4064.00,0.00,1667.00,1
9984.00,4938.00,4034.00,0.00,1706.00,1
5014.00,4228.00,132.00,0.00,1745.00,1
3998.00,3942.00,914.00,0.00,1783.00,1
4404.00,4722.00,1028.00,0.00,1823.00,1
3978.00,734.00,996.00,0.00,1860.00,1
4636.00,750.00,1036.00,0.00,1899.00,1
4450.00,718.00,1036.00,0.00,1938.00,1
4490.00,676.00,1072.00,0.00,1976.00,1
5184.00,658.00,1104.00,0.00,2014.00,1
4732.00,626.00,1032.00,0.00,2052.00,1
4854.00,4280.00,1102.00,0.00,2092.00,1
4342.00,4152.00,1108.00,0.00,2132.00,1
4706.00,4162.00,1072.00,0.00,2171.00,1
4726.00,4024.00,1166.00,0.00,2211.00,1
4490.00,2042.00,1134.00,0.00,2250.00,1
4676.00,584.00,1164.00,0.00,2289.00,1
5482.00,1210.00,1154.00,0.00,2328.00,1
6240.00,1262.00,1190.00,0.00,2368.00,1
6366.00,1390.00,1120.00,0.00,2408.00,1
606.00,1304.00,1182.00,0.00,2446.00,1
1114.00,1288.00,1182.00,0.00,2485.00,1
1192.00,1274.00,1182.00,0.00,2524.00,1
1170.00,1292.00,1242.00,0.00,2564.00,1
1130.00,1304.00,1252.00,0.00,2604.00,1
1078.00,1264.00,1256.00,0.00,2643.00,1
1108.00,1314.00,1232.00,0.00,2683.00,1
1098.00,1264.00,1308.00,0.00,2722.00,1
1140.00,1298.00,1328.00,0.00,2762.00,1
1150.00,1268.00,7146.00,0.00,2802.00,1
1150.00,1222.00,5636.00,0.00,2841.00,1
1134.00,1118.00,6514.00,0.00,2881.00,1
1098.00,1124.00,6570.00,0.00,2920.00,1
1146.00,1212.00,6478.00,0.00,2960.00,1
1120.00,1166.00,6258.00,0.00,3000.00,1
1110.00,1130.00,6066.00,0.00,3038.00,1
1146.00,1164.00,6174.00,0.00,3078.00,1
1098.00,1202.00,6196.00,0.00,3117.00,1
1108.00,1196.00,6420.00,0.00,3157.00,1
1130.00,1210.00,6358.00,0.00,3197.00,1
1128.00,1196.00,6014.00,0.00,3236.00,1
1128.00,1144.00,6046.00,0.00,3276.00,1
1144.00,9454.00,6020.00,0.00,3315.00,1
1134.00,5554.00,5470.00,0.00,3355.00,1
1048.00,5234.00,5132.00,0.00,3395.00,1
986.00,4706.00,4676.00,0.00,3433.00,1
11610.00,4502.00,46.00,0.00,3472.00,1
5506.00,4076.00,820.00,0.00,3509.00,1
3874.00,4434.00,852.00,0.00,3548.00,1
4224.00,636.00,884.00,0.00,3585.00,1
3510.00,584.00,938.00,0.00,3623.00,1
3926.00,4276.00,948.00,0.00,3662.00,1
3542.00,2514.00,974.00,0.00,3700.00,1
4070.00,276.00,1002.00,0.00,3739.00,1
5072.00,898.00,1072.00,0.00,3777.00,1
5380.00,1032.00,1094.00,0.00,3817.00,1
5560.00,1068.00,1098.00,0.00,3856.00,1
5230.00,1192.00,1110.00,0.00,3896.00,1
1328.00,1144.00,1046.00,0.00,3935.00,1
1366.00,1304.00,1144.00,0.00,3974.00,1
2460.00,1364.00,1180.00,0.00,4014.00,1
2378.00,1400.00,1284.00,0.00,4053.00,1
2326.00,1360.00,1340.00,0.00,4093.00,1
2326.00,1426.00,1324.00,0.00,4133.00,1
2442.00,1392.00,1336.00,0.00,4172.00,1
2342.00,1382.00,1314.00,0.00,4212.00,1
2418.00,1396.00,1304.00,0.00,4251.00,1
2386.00,1426.00,1364.00,0.00,4291.00,1
2418.00,1402.00,1336.00,0.00,4331.00,1
2342.00,1428.00,1330.00,0.00,4370.00,1
2382.00,1380.00,1324.00,0.00,4410.00,1
2406.00,1412.00,1334.00,0.00,4448.00,1
2406.00,1396.00,1336.00,0.00,4488.00,1
2362.00,1370.00,9178.00,0.00,4528.00,1
2290.00,1392.00,7002.00,0.00,4567.00,1
2228.00,1454.00,6554.00,0.00,4607.00,1
2320.00,1402.00,6730.00,0.00,4646.00,1
2254.00,1392.00,6712.00,0.00,4686.00,1
2298.00,1436.00,6656.00,0.00,4726.00,1
2294.00,10516.00,6760.00,0.00,4766.00,1
2248.00,6694.00,6658.00,0.00,4806.00,1
2206.00,5922.00,5862.00,0.00,4845.00,1
2162.00,5568.00,5778.00,0.00,4885.00,1
2156.00,7012.00,6576.00,0.00,4924.00,1
2108.00,7146.00,160.00,0.00,4963.00,1
9802.00,7048.00,1102.00,0.00,5002.00,1
7838.00,6430.00,1174.00,0.00,5041.00,1
8044.00,6272.00,1200.00,0.00,5081.00,1
7936.00,6286.00,1210.00,0.00,5120.00,1
7884.00,6226.00,1222.00,0.00,5160.00,1
7930.00,6216.00,1170.00,0.00,5200.00,1
7926.00,6170.00,1166.00,0.00,5239.00,1
7956.00,6190.00,1200.00,0.00,5279.00,1
7920.00,6278.00,1218.00,0.00,5318.00,1
7852.00,6094.00,1246.00,0.00,5358.00,1
7884.00,6036.00,1246.00,0.00,5398.00,1
7854.00,1002.00,1222.00,0.00,5437.00,1
7792.00,928.00,1238.00,0.00,5476.00,1
7986.00,1334.00,1218.00,0.00,5514.00,1
8396.00,1360.00,1242.00,0.00,5554.00,1
8622.00,1442.00,1228.00,0.00,5594.00,1
1980.00,1402.00,1236.00,0.00,5633.00,1
2478.00,1418.00,1222.00,0.00,5673.00,1
2422.00,1454.00,1246.00,0.00,5712.00,1
2362.00,1402.00,1256.00,0.00,5752.00,1
2386.00,1416.00,1248.00,0.00,5792.00,1
2416.00,1458.00,1246.00,0.00,5831.00,1
2432.00,1464.00,1256.00,0.00,5871.00,1
2398.00,1438.00,1248.00,0.00,5910.00,1
2432.00,1432.00,1236.00,0.00,5950.00,1
2464.00,1416.00,1222.00,0.00,5989.00,1
2442.00,1458.00,8362.00,0.00,6029.00,1
2310.00,1436.00,6508.00,0.00,6068.00,1
2284.00,1382.00,6432.00,0.00,6107.00,1
2278.00,1426.00,6514.00,0.00,6147.00,1
2278.00,1416.00,6426.00,0.00,6186.00,1
2254.00,1422.00,6422.00,0.00,6226.00,1
2342.00,1426.00,6276.00,0.00,6266.00,1
2232.00,1478.00,6436.00,0.00,6305.00,1
2304.00,1436.00,6390.00,0.00,6345.00,1
2280.00,1428.00,6416.00,0.00,6384.00,1
2298.00,1400.00,6502.00,0.00,6424.00,1
2234.00,1442.00,6420.00,0.00,6464.00,1
2228.00,9794.00,6514.00,0.00,6503.00,1
2222.00,6892.00,6430.00,0.00,6543.00,1
2268.00,6642.00,6176.00,0.00,6581.00,1
2202.00,7072.00,6406.00,0.00,6621.00,1
2098.00,6992.00,6406.00,0.00,6661.00,1
8694.00,6596.00,6062.00,0.00,6700.00,1
7606.00,6118.00,5816.00,0.00,6740.00,1
7320.00,6030.00,5532.00,0.00,6779.00,1
7314.00,5912.00,258.00,0.00,6818.00,1
7452.00,5816.00,1022.00,0.00,6858.00,1
8300.00,5912.00,1210.00,0.00,6897.00,1
8290.00,5908.00,1200.00,0.00,6937.00,1
8260.00,5750.00,1222.00,0.00,6976.00,1
8202.00,5888.00,1238.00,0.00,7016.00,1
8260.00,5928.00,1272.00,0.00,7056.00,1
8182.00,5750.00,1216.00,0.00,7095.00,1
8022.00,5974.00,1236.00,0.00,7134.00,1
8234.00,5728.00,1272.00,0.00,7173.00,1
8228.00,5908.00,1238.00,0.00,7213.00,1
8130.00,5688.00,1252.00,0.00,7252.00,1
1000.00,5968.00,1262.00,0.00,7292.00,1
1854.00,204.00,1294.00,0.00,7331.00,1
1980.00,1324.00,1238.00,0.00,7370.00,1
1976.00,1482.00,1258.00,0.00,7410.00,1
1980.00,1498.00,1308.00,0.00,7449.00,1
1976.00,1448.00,1228.00,0.00,7489.00,1
1956.00,1478.00,1258.00,0.00,7529.00,1
1980.00,1482.00,1222.00,0.00,7568.00,1
1966.00,1474.00,1236.00,0.00,7608.00,1
2022.00,1436.00,1236.00,0.00,7646.00,1
1962.00,1488.00,1272.00,0.00,7686.00,1
1954.00,1446.00,1274.00,0.00,7726.00,1
1976.00,1468.00,1278.00,0.00,7765.00,1
1998.00,1448.00,1256.00,0.00,7805.00,1
1986.00,1488.00,1222.00,0.00,7844.00,1
1956.00,1468.00,7462.00,0.00,7884.00,1
1884.00,1452.00,6288.00,0.00,7924.00,1
1904.00,1508.00,6170.00,0.00,7963.00,1
1954.00,1462.00,5668.00,0.00,8003.00,1
1946.00,1438.00,5466.00,0.00,8042.00,1
1868.00,1474.00,6302.00,0.00,8082.00,1
1900.00,1446.00,6354.00,0.00,8122.00,1
1864.00,1438.00,6370.00,0.00,8160.00,1
1904.00,1472.00,6334.00,0.00,8200.00,1
1940.00,1488.00,6298.00,0.00,8239.00,1
1914.00,1510.00,6330.00,0.00,8279.00,1
1962.00,1468.00,6294.00,0.00,8318.00,1
8878.00,1494.00,6206.00,0.00,8358.00,1
7550.00,8452.00,5800.00,0.00,8398.00,1
7216.00,6540.00,5542.00,0.00,8437.00,1
7150.00,5938.00,5488.00,0.00,8477.00,1
7006.00,5902.00,472.00,0.00,8515.00,1
7140.00,5804.00,1084.00,0.00,8555.00,1
7278.00,6022.00,1268.00,0.00,8595.00,1
7494.00,6078.00,1196.00,0.00,8634.00,1
7776.00,6196.00,1264.00,0.00,8674.00,1
7658.00,6212.00,1232.00,0.00,8712.00,1
7790.00,5986.00,1252.00,0.00,8752.00,1
7736.00,6062.00,1264.00,0.00,8792.00,1
7828.00,6016.00,1236.00,0.00,8831.00,1
7888.00,1992.00,1202.00,0.00,8871.00,1
7674.00,694.00,1258.00,0.00,8909.00,1
7936.00,1228.00,1238.00,0.00,8949.00,1
1996.00,1294.00,1264.00,0.00,8989.00,1
2310.00,1376.00,1278.00,0.00,9028.00,1
2264.00,1336.00,1288.00,0.00,9068.00,1
2198.00,1374.00,1300.00,0.00,9107.00,1
2268.00,1336.00,1292.00,0.00,9147.00,1
2218.00,1382.00,1246.00,0.00,9187.00,1
2294.00,1376.00,1274.00,0.00,9225.00,1
2208.00,1334.00,1282.00,0.00,9265.00,1
2224.00,1344.00,1222.00,0.00,9304.00,1
2212.00,1402.00,1294.00,0.00,9344.00,1
2206.00,1374.00,1278.00,0.00,9383.00,1
2284.00,1320.00,1258.00,0.00,9423.00,1
2224.00,1382.00,1288.00,0.00,9463.00,1
2270.00,1346.00,1246.00,0.00,9502.00,1
2224.00,1356.00,5096.00,0.00,9542.00,1
2218.00,1354.00,7190.00,0.00,9581.00,1
2160.00,1344.00,6114.00,0.00,9621.00,1
2170.00,1314.00,5368.00,0.00,9661.00,1
2134.00,1360.00,6154.00,0.00,9700.00,1
2016.00,1374.00,4922.00,0.00,9739.00,1
2182.00,1354.00,6344.00,0.00,9778.00,1
2126.00,1340.00,6276.00,0.00,9818.00,1
2160.00,1346.00,6476.00,0.00,9858.00,1
2136.00,1354.00,6376.00,0.00,9897.00,1
2152.00,11786.00,6348.00,0.00,9938.00,1
2134.00,7452.00,6190.00,0.00,9977.00,1
12868.00,6928.00,6256.00,0.00,10018.00,1
8942.00,6708.00,5928.00,0.00,10059.00,1
8274.00,6186.00,5722.00,0.00,10099.00,1
8134.00,6324.00,5548.00,0.00,10140.00,1
8058.00,6122.00,1636.00,0.00,10180.00,1
8052.00,6050.00,694.00,0.00,10220.00,1
8552.00,5296.00,1226.00,0.00,10261.00,1
8622.00,5958.00,1222.00,0.00,10301.00,1
9602.00,6114.00,1386.00,0.00,10342.00,1
9592.00,6098.00,1446.00,0.00,10382.00,1
9558.00,6164.00,1458.00,0.00,10423.00,1
9552.00,6200.00,1468.00,0.00,10463.00,1
9562.00,6108.00,1468.00,0.00,10503.00,1
9546.00,6082.00,1474.00,0.00,10544.00,1
9542.00,6078.00,1504.00,0.00,10585.00,1
9476.00,5994.00,1462.00,0.00,10625.00,1
9474.00,6102.00,1442.00,0.00,10666.00,1
9424.00,6278.00,1468.00,0.00,10706.00,1
9430.00,6236.00,1422.00,0.00,10747.00,1
9404.00,400.00,1454.00,0.00,10787.00,1
9490.00,868.00,1462.00,0.00,10826.00,1
1078.00,1196.00,1446.00,0.00,10867.00,1
1556.00,1238.00,1478.00,0.00,10907.00,1
1606.00,1216.00,1472.00,0.00,10948.00,1
1608.00,1272.00,1458.00,0.00,10989.00,1
1602.00,1246.00,1438.00,0.00,11029.00,1
1606.00,1264.00,1452.00,0.00,11070.00,1
1592.00,1300.00,1442.00,0.00,11110.00,1
1600.00,1324.00,1452.00,0.00,11151.00,1
1570.00,1282.00,1432.00,0.00,11192.00,1
1622.00,1284.00,1446.00,0.00,11231.00,1
1616.00,1282.00,8532.00,0.00,11272.00,1
1606.00,1268.00,7740.00,0.00,11312.00,1
1612.00,1232.00,7454.00,0.00,11353.00,1
1632.00,1308.00,7360.00,0.00,11394.00,1
1566.00,1292.00,7292.00,0.00,11434.00,1
1612.00,1292.00,7380.00,0.00,11475.00,1
1618.00,1278.00,7300.00,0.00,11516.00,1
1606.00,1318.00,7278.00,0.00,11556.00,1
1600.00,1274.00,7278.00,0.00,11597.00,1
1612.00,1294.00,7264.00,0.00,11637.00,1
1626.00,1292.00,7258.00,0.00,11678.00,1
1612.00,1340.00,7202.00,0.00,11719.00,1
1586.00,1298.00,7216.00,0.00,11759.00,1
1606.00,1294.00,7182.00,0.00,11800.00,1
1618.00,11198.00,7160.00,0.00,11841.00,1
1608.00,7826.00,7164.00,0.00,11882.00,1
11370.00,7530.00,7160.00,0.00,11924.00,1
9962.00,6682.00,7186.00,0.00,11964.00,1
9656.00,6304.00,7134.00,0.00,12005.00,1
9566.00,6246.00,7156.00,0.00,12045.00,1
9412.00,6118.00,76.00,0.00,12083.00,1
9496.00,6196.00,1084.00,0.00,12124.00,1
9414.00,6204.00,1274.00,0.00,12164.00,1
9394.00,6312.00,1294.00,0.00,12205.00,1
9358.00,6236.00,1336.00,0.00,12245.00,1
9342.00,6256.00,1346.00,0.00,12286.00,1
9274.00,6498.00,1340.00,0.00,12327.00,1
9320.00,498.00,1354.00,0.00,12366.00,1
9490.00,1042.00,1320.00,0.00,12407.00,1
1336.00,1174.00,1336.00,0.00,12448.00,1
1636.00,1226.00,1360.00,0.00,12488.00,1
1636.00,1196.00,1350.00,0.00,12529.00,1
1636.00,1210.00,1386.00,0.00,12569.00,1
1616.00,1200.00,1360.00,0.00,12610.00,1
1644.00,1196.00,1370.00,0.00,12651.00,1
1626.00,1206.00,1340.00,0.00,12691.00,1
1612.00,1236.00,1324.00,0.00,12732.00,1
1678.00,1232.00,1350.00,0.00,12772.00,1
1636.00,1212.00,1324.00,0.00,12813.00,1
1662.00,1282.00,1354.00,0.00,12853.00,1
1662.00,1264.00,1354.00,0.00,12893.00,1
1632.00,1212.00,1360.00,0.00,12934.00,1
1668.00,1246.00,1370.00,0.00,12974.00,1
1688.00,1258.00,1346.00,0.00,13015.00,1
1648.00,1258.00,1330.00,0.00,13056.00,1
1644.00,1292.00,1364.00,0.00,13096.00,1
1658.00,1252.00,10014.00,0.00,13138.00,1
1622.00,1256.00,7436.00,0.00,13179.00,1
1678.00,1228.00,6878.00,0.00,13219.00,1
1678.00,1238.00,6682.00,0.00,13260.00,1
1648.00,1258.00,6606.00,0.00,13300.00,1
1682.00,1248.00,6666.00,0.00,13341.00,1
1622.00,1252.00,6560.00,0.00,13382.00,1
1622.00,8532.00,6610.00,0.00,13422.00,1
1654.00,7602.00,6610.00,0.00,13463.00,1
10010.00,7356.00,6600.00,0.00,13504.00,1
8992.00,6564.00,6548.00,0.00,13545.00,1
8742.00,6468.00,6540.00,0.00,13586.00,1
8650.00,6468.00,476.00,0.00,13625.00,1
8650.00,6068.00,1494.00,0.00,13666.00,1
8628.00,6410.00,1654.00,0.00,13705.00,1
8572.00,6278.00,1718.00,0.00,13746.00,1
8576.00,6448.00,1740.00,0.00,13787.00,1
8638.00,6302.00,1736.00,0.00,13827.00,1
8586.00,6266.00,1724.00,0.00,13868.00,1
8524.00,6294.00,1708.00,0.00,13908.00,1
8542.00,6308.00,1708.00,0.00,13949.00,1
8530.00,6350.00,1740.00,0.00,13990.00,1
8560.00,6330.00,1750.00,0.00,14030.00,1
8494.00,974.00,1662.00,0.00,14070.00,1
8552.00,774.00,1724.00,0.00,14109.00,1
8750.00,1104.00,1708.00,0.00,14150.00,1
1248.00,1216.00,1698.00,0.00,14191.00,1
2114.00,1236.00,1718.00,0.00,14231.00,1
2144.00,1262.00,1714.00,0.00,14272.00,1
2212.00,1284.00,1786.00,0.00,14313.00,1
2182.00,1210.00,1736.00,0.00,14353.00,1
2172.00,1258.00,1726.00,0.00,14394.00,1
2188.00,1236.00,1756.00,0.00,14434.00,1
2212.00,1190.00,1730.00,0.00,14474.00,1
2186.00,1228.00,1772.00,0.00,14515.00,1
2228.00,1222.00,1740.00,0.00,14555.00,1
2192.00,1216.00,1744.00,0.00,14596.00,1
2208.00,1222.00,1726.00,0.00,14636.00,1
2212.00,1226.00,10290.00,0.00,14678.00,1
2208.00,1252.00,7790.00,0.00,14719.00,1
2232.00,1192.00,7190.00,0.00,14759.00,1
2242.00,1252.00,7068.00,0.00,14800.00,1
2212.00,1242.00,7036.00,0.00,14840.00,1
2188.00,1226.00,7028.00,0.00,14881.00,1
2244.00,1232.00,6956.00,0.00,14922.00,1
2208.00,1196.00,6874.00,0.00,14962.00,1
2258.00,1228.00,6902.00,0.00,15003.00,1
2196.00,1202.00,6966.00,0.00,15044.00,1
2206.00,1216.00,6914.00,0.00,15084.00,1
2208.00,12338.00,642.00,0.00,15125.00,1
2166.00,7710.00,1320.00,0.00,15165.00,1
2110.00,6974.00,1418.00,0.00,15206.00,1
12882.00,7412.00,1488.00,0.00,15248.00,1
10106.00,6534.00,1452.00,0.00,15289.00,1
9666.00,6200.00,1422.00,0.00,15330.00,1
9604.00,6184.00,1472.00,0.00,15369.00,1
9542.00,6000.00,1446.00,0.00,15410.00,1
9424.00,6150.00,1446.00,0.00,15451.00,1
9428.00,6128.00,1478.00,0.00,15491.00,1
9384.00,6052.00,1498.00,0.00,15532.00,1
9420.00,6246.00,1422.00,0.00,15572.00,1
9336.00,6154.00,1432.00,0.00,15613.00,1
9326.00,6104.00,1468.00,0.00,15654.00,1
914.00,6288.00,1452.00,0.00,15693.00,1
1376.00,7304.00,1478.00,0.00,15734.00,1
1488.00,7570.00,1442.00,0.00,15775.00,1
1494.00,7272.00,1448.00,0.00,15815.00,1
1478.00,522.00,1494.00,0.00,15855.00,1
1524.00,1256.00,1458.00,0.00,15895.00,1
1490.00,1274.00,1478.00,0.00,15936.00,1
1544.00,1248.00,1482.00,0.00,15977.00,1
1530.00,1328.00,1418.00,0.00,16017.00,1
1494.00,1238.00,1472.00,0.00,16058.00,1
1530.00,1288.00,1468.00,0.00,16098.00,1
1524.00,1278.00,1458.00,0.00,16138.00,1
1514.00,1262.00,9274.00,0.00,16179.00,1
1546.00,1294.00,7572.00,0.00,16219.00,1
1528.00,1274.00,7032.00,0.00,16260.00,1
1556.00,1310.00,6996.00,0.00,16300.00,1
1534.00,1258.00,6940.00,0.00,16341.00,1
1536.00,1274.00,6888.00,0.00,16382.00,1
1570.00,1278.00,6862.00,0.00,16422.00,1
1572.00,1264.00,6820.00,0.00,16463.00,1
1530.00,1292.00,6846.00,0.00,16503.00,1
1550.00,1298.00,6832.00,0.00,16544.00,1
1514.00,1272.00,810.00,0.00,16584.00,1
1518.00,1278.00,944.00,0.00,16623.00,1
1540.00,1274.00,1382.00,0.00,16664.00,1
1530.00,1282.00,1468.00,0.00,16704.00,1
9838.00,1256.00,1464.00,0.00,16745.00,1
8684.00,1248.00,1464.00,0.00,16786.00,1
8838.00,1192.00,1478.00,0.00,16826.00,1
8962.00,1256.00,1472.00,0.00,16867.00,1
8798.00,9208.00,1490.00,0.00,16907.00,1
8336.00,6586.00,1508.00,0.00,16947.00,1
8176.00,5786.00,1474.00,0.00,16988.00,1
8058.00,5692.00,1448.00,0.00,17028.00,1
8042.00,5666.00,1504.00,0.00,17069.00,1
7950.00,5672.00,1472.00,0.00,17110.00,1
7998.00,5968.00,1458.00,0.00,17150.00,1
8052.00,5924.00,1500.00,0.00,17191.00,1
7934.00,5958.00,1510.00,0.00,17231.00,1
7966.00,5922.00,1488.00,0.00,17272.00,1
7982.00,5846.00,1518.00,0.00,17313.00,1
7988.00,5914.00,1494.00,0.00,17353.00,1
7972.00,6014.00,1504.00,0.00,17394.00,1
7966.00,5918.00,1528.00,0.00,17434.00,1
7962.00,5856.00,1508.00,0.00,17475.00,1
7910.00,5860.00,1490.00,0.00,17516.00,1
810.00,5902.00,1524.00,0.00,17555.00,1
2074.00,6222.00,1498.00,0.00,17596.00,1
2366.00,6792.00,1468.00,0.00,17636.00,1
2412.00,1330.00,8520.00,0.00,17677.00,1
2470.00,960.00,7442.00,0.00,17716.00,1
2460.00,1370.00,7020.00,0.00,17756.00,1
2490.00,1432.00,6964.00,0.00,17797.00,1
2556.00,1410.00,7052.00,0.00,17838.00,1
2516.00,1346.00,6964.00,0.00,17878.00,1
2524.00,1426.00,6928.00,0.00,17919.00,1
2534.00,1386.00,6946.00,0.00,17959.00,1
2530.00,1426.00,6884.00,0.00,18000.00,1
2586.00,1382.00,6872.00,0.00,18041.00,1
2540.00,1402.00,6940.00,0.00,18081.00,1
2520.00,1432.00,6938.00,0.00,18122.00,1
2578.00,1374.00,684.00,0.00,18161.00,1
2550.00,1340.00,1268.00,0.00,18202.00,1
2570.00,1418.00,1428.00,0.00,18243.00,1
2606.00,1422.00,1426.00,0.00,18283.00,1
2520.00,1432.00,1380.00,0.00,18324.00,1
2582.00,1422.00,1446.00,0.00,18364.00,1
2530.00,1438.00,1382.00,0.00,18405.00,1
2586.00,1396.00,1446.00,0.00,18446.00,1
2582.00,1416.00,1416.00,0.00,18485.00,1
2560.00,1428.00,1436.00,0.00,18526.00,1
2606.00,1402.00,1386.00,0.00,18566.00,1
2550.00,1366.00,1416.00,0.00,18607.00,1
9782.00,1376.00,1380.00,0.00,18648.00,1
9454.00,1370.00,1442.00,0.00,18688.00,1
9604.00,1364.00,1410.00,0.00,18729.00,1
9182.00,7816.00,1454.00,0.00,18770.00,1
8868.00,6112.00,1402.00,0.00,18810.00,1
8750.00,5724.00,1432.00,0.00,18851.00,1
8618.00,5734.00,1422.00,0.00,18891.00,1
8714.00,5722.00,1426.00,0.00,18932.00,1
8644.00,5868.00,1406.00,0.00,18973.00,1
440.00,5924.00,1406.00,0.00,19012.00,1
1596.00,6448.00,1436.00,0.00,19053.00,1
1852.00,6852.00,1416.00,0.00,19093.00,1
1920.00,7038.00,1462.00,0.00,19134.00,1
1940.00,7068.00,1416.00,0.00,19175.00,1
1946.00,7046.00,9182.00,0.00,19215.00,2
1946.00,7052.00,7488.00,0.00,19256.00,2
1946.00,7092.00,7072.00,0.00,19295.00,2
1904.00,7032.00,6990.00,0.00,19336.00,2
200.00,204.00,186.00,0.00,15.00,2
200.00,206.00,186.00,0.00,31.00,2
210.00,200.00,186.00,0.00,47.00,2
196.00,200.00,184.00,0.00,76.00,2
1962.00,10722.00,8962.00,0.00,114.00,2
1336.00,7192.00,5750.00,0.00,153.00,2
1212.00,902.00,4808.00,0.00,191.00,2
1202.00,656.00,5092.00,0.00,228.00,2
1256.00,174.00,6246.00,0.00,266.00,2
1282.00,158.00,6734.00,0.00,302.00,2
1246.00,148.00,6528.00,0.00,340.00,2
1274.00,144.00,6472.00,0.00,377.00,2
1292.00,144.00,158.00,0.00,414.00,2
1406.00,1346.00,1278.00,0.00,453.00,2
1334.00,1264.00,1366.00,0.00,491.00,2
1284.00,1308.00,1262.00,0.00,530.00,2
1268.00,1324.00,1248.00,0.00,568.00,2
1274.00,1252.00,1176.00,0.00,607.00,2
1314.00,1284.00,1210.00,0.00,644.00,2
1288.00,1294.00,1140.00,0.00,683.00,2
6966.00,1252.00,1102.00,0.00,722.00,2
5846.00,1228.00,1114.00,0.00,760.00,2
6642.00,1288.00,1102.00,0.00,799.00,2
6784.00,1288.00,1138.00,0.00,837.00,2
6448.00,1292.00,1104.00,0.00,876.00,2
6570.00,1314.00,1140.00,0.00,914.00,2
6570.00,1258.00,1138.00,0.00,953.00,2
6712.00,1268.00,1170.00,0.00,992.00,2
6642.00,1278.00,1146.00,0.00,1029.00,2
6744.00,1216.00,1182.00,0.00,1069.00,2
6698.00,1282.00,1098.00,0.00,1108.00,2
6482.00,1206.00,1170.00,0.00,1148.00,2
494.00,1192.00,1092.00,0.00,1187.00,2
1366.00,10220.00,1092.00,0.00,1227.00,2
1284.00,6102.00,1138.00,0.00,1267.00,2
1232.00,6448.00,1052.00,0.00,1306.00,2
1226.00,7412.00,1110.00,0.00,1346.00,2
1242.00,7818.00,1120.00,0.00,1386.00,2
1206.00,7960.00,1282.00,0.00,1425.00,2
1262.00,7812.00,9952.00,0.00,1465.00,2
1190.00,6898.00,5668.00,0.00,1504.00,2
1156.00,6092.00,5082.00,0.00,1544.00,2
1146.00,5862.00,4980.00,0.00,1582.00,2
1186.00,5656.00,4916.00,0.00,1622.00,2
1200.00,5662.00,5144.00,0.00,1662.00,2
1160.00,512.00,4794.00,0.00,1700.00,2
1282.00,1180.00,5260.00,0.00,1740.00,2
1284.00,1200.00,6430.00,0.00,1779.00,2
1442.00,1098.00,6868.00,0.00,1819.00,2
1426.00,1138.00,6344.00,0.00,1859.00,2
1330.00,1124.00,6004.00,0.00,1898.00,2
1278.00,1062.00,5522.00,0.00,1938.00,2
1382.00,1084.00,5370.00,0.00,1977.00,2
1282.00,1110.00,5226.00,0.00,2017.00,2
1386.00,140.00,6186.00,0.00,2056.00,2
1464.00,134.00,6548.00,0.00,2093.00,2
1410.00,140.00,5896.00,0.00,2132.00,2
1330.00,1062.00,5476.00,0.00,2171.00,2
1318.00,1074.00,5128.00,0.00,2211.00,2
7526.00,1146.00,350.00,0.00,2250.00,2
5406.00,1110.00,1062.00,0.00,2289.00,2
5446.00,1144.00,1094.00,0.00,2329.00,2
4952.00,1104.00,1032.00,0.00,2368.00,2
6298.00,1108.00,1012.00,0.00,2408.00,2
7580.00,1102.00,1002.00,0.00,2447.00,2
6312.00,1068.00,992.00,0.00,2486.00,2
7094.00,1252.00,1094.00,0.00,2526.00,2
9506.00,1536.00,1138.00,0.00,2564.00,2
8916.00,1390.00,1210.00,0.00,2604.00,2
8932.00,1350.00,1200.00,0.00,2643.00,2
930.00,1350.00,1236.00,0.00,2682.00,2
1636.00,1350.00,1242.00,0.00,2722.00,2
1760.00,8798.00,1246.00,0.00,2761.00,2
1714.00,7170.00,1238.00,0.00,2801.00,2
1760.00,6888.00,1262.00,0.00,2840.00,2
1744.00,6606.00,1242.00,0.00,2880.00,2
1718.00,6662.00,1232.00,0.00,2920.00,2
1756.00,6630.00,1252.00,0.00,2959.00,2
1698.00,6708.00,1186.00,0.00,2999.00,2
1772.00,6646.00,1196.00,0.00,3038.00,2
1750.00,6530.00,1222.00,0.00,3077.00,2
1726.00,6590.00,1218.00,0.00,3117.00,2
1790.00,6642.00,1218.00,0.00,3156.00,2
1754.00,6456.00,1262.00,0.00,3196.00,2
1740.00,6642.00,1272.00,0.00,3235.00,2
1746.00,6632.00,1228.00,0.00,3275.00,2
1790.00,6560.00,6390.00,0.00,3315.00,2
1534.00,6564.00,4496.00,0.00,3354.00,2
1406.00,6514.00,6150.00,0.00,3394.00,2
1412.00,6442.00,5712.00,0.00,3433.00,2
1390.00,6498.00,5816.00,0.00,3473.00,2
1416.00,1412.00,5640.00,0.00,3512.00,2
1374.00,544.00,5738.00,0.00,3551.00,2
1386.00,980.00,5652.00,0.00,3589.00,2
1438.00,1038.00,5786.00,0.00,3628.00,2
1390.00,1056.00,5832.00,0.00,3668.00,2
1350.00,1074.00,5650.00,0.00,3707.00,2
9168.00,1068.00,5008.00,0.00,3747.00,2
6956.00,1032.00,3798.00,0.00,3787.00,2
6390.00,1084.00,3352.00,0.00,3826.00,2
6240.00,1084.00,3264.00,0.00,3866.00,2
6232.00,1062.00,3136.00,0.00,3905.00,2
6122.00,1068.00,3192.00,0.00,3945.00,2
6220.00,1084.00,216.00,0.00,3984.00,2
6642.00,1026.00,740.00,0.00,4022.00,2
8012.00,1072.00,976.00,0.00,4061.00,2
7894.00,1026.00,1110.00,0.00,4099.00,2
7960.00,1046.00,1294.00,0.00,4139.00,2
10446.00,1028.00,1324.00,0.00,4180.00,2
10404.00,970.00,1346.00,0.00,4219.00,2
9076.00,940.00,1300.00,0.00,4258.00,2
9604.00,1042.00,1274.00,0.00,4297.00,2
384.00,1216.00,1318.00,0.00,4336.00,2
1300.00,1120.00,1354.00,0.00,4375.00,2
1426.00,1094.00,1396.00,0.00,4415.00,2
1490.00,1164.00,1406.00,0.00,4455.00,2
1500.00,1190.00,1370.00,0.00,4494.00,2
1452.00,1128.00,1402.00,0.00,4534.00,2
1478.00,11030.00,1360.00,0.00,4574.00,2
1356.00,5786.00,1370.00,0.00,4613.00,3
1494.00,6128.00,1648.00,0.00,4653.00,3
1612.00,7908.00,1458.00,0.00,4692.00,3
200.00,204.00,194.00,0.00,15.00,3
200.00,204.00,190.00,0.00,31.00,3
206.00,204.00,196.00,0.00,48.00,3
200.00,200.00,186.00,0.00,76.00,3
2232.00,10844.00,1762.00,0.00,114.00,3
1710.00,7662.00,1524.00,0.00,153.00,3
1606.00,7354.00,1442.00,0.00,191.00,3
1668.00,5440.00,1364.00,0.00,230.00,3
1534.00,4338.00,1252.00,0.00,269.00,3
1740.00,4146.00,1328.00,0.00,307.00,3
1674.00,3892.00,1382.00,0.00,346.00,3
1468.00,2382.00,1432.00,0.00,384.00,3
1380.00,46.00,1320.00,0.00,420.00,3
8704.00,964.00,1328.00,0.00,457.00,3
5470.00,1294.00,1364.00,0.00,496.00,3
5722.00,118.00,1346.00,0.00,534.00,3
4378.00,96.00,1376.00,0.00,570.00,3
3414.00,11544.00,1216.00,0.00,610.00,3
2904.00,6374.00,1248.00,0.00,648.00,3
2864.00,4736.00,1264.00,0.00,687.00,3
4090.00,5168.00,1206.00,0.00,725.00,4
3866.00,5538.00,1138.00,0.00,764.00,4
4578.00,5070.00,1074.00,0.00,802.00,4
196.00,206.00,190.00,0.00,14.00,4
200.00,204.00,190.00,0.00,31.00,4
204.00,200.00,200.00,0.00,47.00,4
204.00,200.00,186.00,0.00,76.00,4
11858.00,10742.00,9440.00,0.00,116.00,4
6068.00,1226.00,648.00,0.00,153.00,4
5316.00,1356.00,1118.00,0.00,192.00,4
5138.00,1154.00,1256.00,0.00,230.00,4
6704.00,1032.00,1156.00,0.00,268.00,4
7848.00,1062.00,1118.00,0.00,306.00,4
8642.00,1130.00,1336.00,0.00,345.00,4
9362.00,1124.00,1334.00,0.00,384.00,4
8940.00,1164.00,1376.00,0.00,422.00,4
9002.00,1110.00,1298.00,0.00,461.00,4
1454.00,1176.00,1402.00,0.00,499.00,4
1504.00,1232.00,1426.00,0.00,538.00,4
1508.00,1278.00,1410.00,0.00,576.00,4
1432.00,1272.00,1490.00,0.00,615.00,4
1500.00,1274.00,1446.00,0.00,653.00,4
1484.00,1272.00,1416.00,0.00,691.00,4
1472.00,1262.00,1386.00,0.00,730.00,4
1510.00,1262.00,1400.00,0.00,768.00,4
1412.00,1288.00,1418.00,0.00,807.00,4
1428.00,1308.00,1422.00,0.00,845.00,4
1452.00,1300.00,1436.00,0.00,884.00,4
1462.00,1288.00,1478.00,0.00,923.00,4
1458.00,1258.00,1412.00,0.00,961.00,4
1452.00,1206.00,1428.00,0.00,1000.00,4
1406.00,1278.00,1396.00,0.00,1038.00,4
1436.00,1318.00,1392.00,0.00,1078.00,4
1464.00,1282.00,1446.00,0.00,1118.00,4
1474.00,1264.00,1402.00,0.00,1157.00,4
1410.00,9880.00,1400.00,0.00,1197.00,4
1442.00,6822.00,7540.00,0.00,1236.00,4
1400.00,8124.00,5594.00,0.00,1276.00,4
1380.00,7120.00,4644.00,0.00,1316.00,4
1370.00,7464.00,3936.00,0.00,1355.00,4
1206.00,7324.00,3496.00,0.00,1395.00,4
1222.00,7408.00,3114.00,0.00,1434.00,4
1210.00,7098.00,3182.00,0.00,1474.00,4
1138.00,6930.00,3034.00,0.00,1514.00,4
6678.00,6066.00,3624.00,0.00,1553.00,5
4444.00,4640.00,4436.00,0.00,1592.00,5
3808.00,4092.00,3726.00,0.00,1631.00,5
200.00,206.00,190.00,0.00,15.00,5
200.00,204.00,186.00,0.00,32.00,5
210.00,206.00,190.00,0.00,48.00,5
196.00,204.00,184.00,0.00,76.00,5
2120.00,2100.00,1862.00,0.00,114.00,5
1490.00,1766.00,1412.00,0.00,152.00,5
1350.00,1816.00,1422.00,0.00,191.00,5
1274.00,1708.00,1406.00,0.00,229.00,5
1324.00,1682.00,1432.00,0.00,267.00,5
1336.00,1710.00,1364.00,0.00,306.00,5
1272.00,1724.00,1468.00,0.00,344.00,5
1272.00,1626.00,1392.00,0.00,383.00,5
1264.00,1654.00,1448.00,0.00,421.00,5
1222.00,1618.00,1402.00,0.00,460.00,5
1268.00,1540.00,1472.00,0.00,498.00,5
1248.00,1586.00,1544.00,0.00,537.00,5
1216.00,12298.00,1546.00,0.00,577.00,5
1232.00,6488.00,1390.00,0.00,615.00,5
1190.00,1396.00,1474.00,0.00,654.00,5
1160.00,1318.00,1452.00,0.00,691.00,5
1256.00,1370.00,1344.00,0.00,730.00,5
1174.00,1402.00,1410.00,0.00,768.00,5
1248.00,1350.00,1402.00,0.00,807.00,5
1196.00,1340.00,1366.00,0.00,846.00,5
1202.00,2488.00,1380.00,0.00,884.00,5
1232.00,1336.00,1344.00,0.00,923.00,5
1160.00,8572.00,1360.00,0.00,961.00,5
9742.00,6550.00,1328.00,0.00,1000.00,5
5610.00,7668.00,1396.00,0.00,1040.00,5
5580.00,7448.00,9470.00,0.00,1078.00,5
5086.00,6796.00,6678.00,0.00,1118.00,5
4456.00,6446.00,5886.00,0.00,1157.00,5
3956.00,548.00,5606.00,0.00,1196.00,5
4204.00,1032.00,5420.00,0.00,1235.00,5
5388.00,1292.00,4952.00,0.00,1275.00,5
5272.00,1416.00,4898.00,0.00,1315.00,5
4810.00,1216.00,4246.00,0.00,1354.00,5
4726.00,1120.00,3788.00,0.00,1394.00,5
5108.00,1144.00,3304.00,0.00,1433.00,5
5158.00,1074.00,2858.00,0.00,1473.00,5
5394.00,1092.00,112.00,0.00,1512.00,5
5102.00,1140.00,1048.00,0.00,1551.00,5
5600.00,1156.00,1406.00,0.00,1590.00,5
5298.00,1182.00,1374.00,0.00,1629.00,5
4410.00,1174.00,1354.00,0.00,1669.00,5
2316.00,1508.00,1236.00,0.00,1709.00,5
250.00,1654.00,1154.00,0.00,1747.00,5
1058.00,1628.00,1186.00,0.00,1787.00,5
1196.00,1518.00,1074.00,0.00,1826.00,5
1308.00,1418.00,1360.00,0.00,1866.00,5
1428.00,1344.00,1418.00,0.00,1906.00,5
1324.00,1346.00,1454.00,0.00,1945.00,6
1472.00,1390.00,1600.00,0.00,1985.00,6
1490.00,1344.00,1618.00,0.00,2024.00,6
1520.00,1438.00,1600.00,0.00,2064.00,6
204.00,26.00,186.00,0.00,15.00,6
200.00,26.00,186.00,0.00,31.00,6
212.00,26.00,190.00,0.00,48.00,6
196.00,26.00,186.00,0.00,72.00,6
1314.00,294.00,2028.00,0.00,108.00,6
1350.00,242.00,1718.00,0.00,146.00,6
1700.00,252.00,1674.00,0.00,184.00,6
1762.00,250.00,1606.00,0.00,221.00,6
1808.00,256.00,1636.00,0.00,258.00,6
1772.00,256.00,1674.00,0.00,295.00,6
1770.00,258.00,1652.00,0.00,333.00,6
1760.00,256.00,1688.00,0.00,370.00,6
1750.00,256.00,1638.00,0.00,408.00,6
1762.00,256.00,1668.00,0.00,446.00,6
1762.00,252.00,1678.00,0.00,483.00,6
1776.00,258.00,1642.00,0.00,521.00,6
1750.00,262.00,1658.00,0.00,557.00,6
1720.00,258.00,1744.00,0.00,595.00,6
1746.00,258.00,1704.00,0.00,632.00,6
1770.00,252.00,1652.00,0.00,670.00,6
1754.00,252.00,1838.00,0.00,707.00,6
1766.00,256.00,1822.00,0.00,745.00,6
1776.00,258.00,1806.00,0.00,783.00,6
1782.00,256.00,1808.00,0.00,820.00,6
1710.00,262.00,1828.00,0.00,858.00,6
1762.00,256.00,1792.00,0.00,894.00,6
1786.00,252.00,1822.00,0.00,932.00,6
1792.00,258.00,1858.00,0.00,969.00,6
1756.00,1898.00,1872.00,0.00,1008.00,6
1494.00,1288.00,1708.00,0.00,1048.00,6
1308.00,7202.00,10800.00,0.00,1088.00,6
1298.00,6030.00,7026.00,0.00,1128.00,6
14016.00,5932.00,5082.00,0.00,1168.00,6
7114.00,4772.00,4390.00,0.00,1208.00,6
5056.00,4500.00,3870.00,0.00,1248.00,6
4454.00,4282.00,3650.00,0.00,1287.00,6
3946.00,4316.00,3602.00,0.00,1327.00,6
4390.00,4754.00,4024.00,0.00,1365.00,6
3968.00,4470.00,3568.00,0.00,1405.00,6
4290.00,430.00,3696.00,0.00,1444.00,6
4548.00,1216.00,3820.00,0.00,1483.00,6
4860.00,1528.00,2416.00,0.00,1523.00,6
5092.00,1528.00,548.00,0.00,1561.00,6
6094.00,1582.00,1092.00,0.00,1601.00,6
5914.00,1422.00,1166.00,0.00,1640.00,6
6026.00,1754.00,1374.00,0.00,1680.00,6
6072.00,1700.00,1374.00,0.00,1720.00,6
6144.00,1836.00,1390.00,0.00,1759.00,6
6420.00,1734.00,1304.00,0.00,1799.00,6
406.00,1708.00,1390.00,0.00,1836.00,6
868.00,1874.00,1504.00,0.00,1875.00,6
1056.00,1858.00,1520.00,0.00,1915.00,6
1068.00,1878.00,1504.00,0.00,1954.00,6
1138.00,1904.00,1490.00,0.00,1994.00,6
1078.00,1862.00,1524.00,0.00,2033.00,6
1072.00,1864.00,1534.00,0.00,2073.00,6
1128.00,1864.00,1494.00,0.00,2113.00,6
1094.00,1838.00,1514.00,0.00,2152.00,6
1094.00,1838.00,1508.00,0.00,2192.00,6
1088.00,1832.00,1510.00,0.00,2231.00,6
1072.00,1828.00,1494.00,0.00,2271.00,6
1130.00,1832.00,1478.00,0.00,2311.00,6
1130.00,1826.00,1520.00,0.00,2349.00,6
1088.00,1790.00,1534.00,0.00,2389.00,6
1146.00,1826.00,1528.00,0.00,2428.00,6
1120.00,1826.00,1560.00,0.00,2468.00,6
1082.00,9804.00,1488.00,0.00,2508.00,6
1074.00,6728.00,1382.00,0.00,2547.00,6
1052.00,5194.00,9440.00,0.00,2587.00,6
1048.00,4856.00,5604.00,0.00,2626.00,6
1032.00,4142.00,4742.00,0.00,2666.00,6
1012.00,3784.00,4666.00,0.00,2705.00,6
992.00,3654.00,4092.00,0.00,2744.00,6
1074.00,3874.00,3532.00,0.00,2784.00,6
1264.00,4548.00,3938.00,0.00,2823.00,6
1410.00,6376.00,7134.00,0.00,2863.00,6
11662.00,5908.00,7120.00,0.00,2902.00,6
9926.00,5964.00,6964.00,0.00,2942.00,6
9664.00,5914.00,6990.00,0.00,2982.00,6
9584.00,5934.00,6930.00,0.00,3021.00,6
9494.00,6032.00,6914.00,0.00,3061.00,6
9470.00,1022.00,6914.00,0.00,3100.00,6
9464.00,882.00,6856.00,0.00,3139.00,6
9474.00,1328.00,6888.00,0.00,3179.00,6
9454.00,1490.00,6796.00,0.00,3218.00,6
9414.00,1500.00,6806.00,0.00,3258.00,6
9362.00,1468.00,6858.00,0.00,3297.00,6
9352.00,1500.00,1298.00,0.00,3337.00,6
9330.00,1474.00,1720.00,0.00,3377.00,6
9342.00,1482.00,1816.00,0.00,3415.00,6
9332.00,1540.00,1890.00,0.00,3455.00,6
9348.00,1514.00,1852.00,0.00,3494.00,6
9264.00,1534.00,1808.00,0.00,3534.00,6
9276.00,1468.00,1828.00,0.00,3574.00,6
560.00,1520.00,1836.00,0.00,3612.00,6
1600.00,1482.00,1898.00,0.00,3652.00,6
1750.00,1514.00,1828.00,0.00,3691.00,6
1832.00,1484.00,1852.00,0.00,3731.00,6
1838.00,1494.00,1806.00,0.00,3770.00,6
1872.00,1478.00,1854.00,0.00,3810.00,6
1832.00,1510.00,1836.00,0.00,3850.00,6
1898.00,1482.00,1880.00,0.00,3889.00,6
1842.00,1498.00,1838.00,0.00,3928.00,6
1844.00,1494.00,1836.00,0.00,3967.00,6
1864.00,1534.00,1826.00,0.00,4007.00,6
1826.00,1510.00,1826.00,0.00,4047.00,6
1894.00,1462.00,1858.00,0.00,4086.00,6
1894.00,1490.00,1786.00,0.00,4126.00,6
1828.00,10908.00,1858.00,0.00,4166.00,6
1862.00,7400.00,1842.00,0.00,4206.00,6
1874.00,6622.00,1862.00,0.00,4246.00,6
1880.00,6374.00,1862.00,0.00,4285.00,6
1914.00,6230.00,1864.00,0.00,4325.00,6
1872.00,6220.00,10860.00,0.00,4365.00,6
1872.00,6240.00,8182.00,0.00,4405.00,6
1888.00,6288.00,7582.00,0.00,4445.00,6
1844.00,6278.00,7294.00,0.00,4483.00,6
1842.00,6088.00,7294.00,0.00,4523.00,6
1842.00,6062.00,7294.00,0.00,4562.00,6
1842.00,6164.00,7272.00,0.00,4602.00,6
1842.00,6098.00,7226.00,0.00,4642.00,6
11338.00,6194.00,7298.00,0.00,4682.00,6
9830.00,6140.00,7228.00,0.00,4722.00,6
9484.00,6222.00,7212.00,0.00,4761.00,6
9420.00,6046.00,7246.00,0.00,4801.00,6
9428.00,6042.00,7212.00,0.00,4841.00,6
9300.00,6226.00,7222.00,0.00,4880.00,6
9300.00,5714.00,7160.00,0.00,4920.00,6
9244.00,442.00,7170.00,0.00,4958.00,6
9290.00,1048.00,7180.00,0.00,4998.00,6
9294.00,1248.00,7078.00,0.00,5037.00,6
9244.00,1236.00,7174.00,0.00,5076.00,6
9222.00,1192.00,548.00,0.00,5115.00,6
9166.00,1264.00,1268.00,0.00,5154.00,6
9188.00,1278.00,1446.00,0.00,5194.00,6
9126.00,1222.00,1462.00,0.00,5233.00,6
9198.00,1258.00,1478.00,0.00,5273.00,6
9152.00,1246.00,1484.00,0.00,5313.00,6
9168.00,1248.00,1464.00,0.00,5352.00,6
354.00,1258.00,1468.00,0.00,5391.00,6
1468.00,1284.00,1452.00,0.00,5430.00,6
1694.00,1232.00,1488.00,0.00,5470.00,6
1760.00,1256.00,1500.00,0.00,5510.00,6
1766.00,1278.00,1452.00,0.00,5548.00,6
1746.00,1264.00,1484.00,0.00,5588.00,6
1750.00,1192.00,1446.00,0.00,5627.00,6
1772.00,1202.00,1474.00,0.00,5667.00,6
1744.00,1236.00,1472.00,0.00,5707.00,6
1750.00,1202.00,1474.00,0.00,5746.00,6
1746.00,1228.00,1478.00,0.00,5786.00,6
1730.00,1190.00,1448.00,0.00,5825.00,6
1746.00,1216.00,1458.00,0.00,5865.00,6
1726.00,1210.00,1474.00,0.00,5905.00,6
1746.00,1202.00,1468.00,0.00,5944.00,6
1730.00,12252.00,1490.00,0.00,5985.00,6
1760.00,7428.00,1442.00,0.00,6024.00,6
1754.00,6240.00,1458.00,0.00,6064.00,6
1744.00,5876.00,1454.00,0.00,6103.00,6
1744.00,5668.00,1458.00,0.00,6142.00,6
1760.00,5688.00,9024.00,0.00,6182.00,6
1782.00,5574.00,7944.00,0.00,6221.00,6
1772.00,5712.00,7572.00,0.00,6261.00,6
1770.00,5496.00,7560.00,0.00,6300.00,6
1792.00,5754.00,7482.00,0.00,6340.00,6
1776.00,5630.00,7448.00,0.00,6380.00,6
1816.00,5632.00,7436.00,0.00,6419.00,6
11738.00,5666.00,7406.00,0.00,6460.00,6
10060.00,5636.00,7438.00,0.00,6500.00,6
9656.00,288.00,7452.00,0.00,6539.00,6
9490.00,1164.00,7406.00,0.00,6579.00,6
9500.00,1454.00,7366.00,0.00,6618.00,6
9502.00,1524.00,7402.00,0.00,6657.00,6
9418.00,1566.00,7376.00,0.00,6696.00,6
9402.00,1524.00,7330.00,0.00,6736.00,6
9378.00,1566.00,7330.00,0.00,6776.00,6
9378.00,1504.00,68.00,0.00,6813.00,6
9388.00,1498.00,1002.00,0.00,6853.00,6
9300.00,1488.00,1212.00,0.00,6892.00,6
9310.00,1508.00,1258.00,0.00,6932.00,6
9238.00,1510.00,1238.00,0.00,6972.00,6
9316.00,1550.00,1262.00,0.00,7011.00,6
9294.00,1520.00,1256.00,0.00,7051.00,6
9286.00,1510.00,1288.00,0.00,7090.00,6
9248.00,1498.00,1232.00,0.00,7130.00,6
9280.00,1556.00,1258.00,0.00,7169.00,6
730.00,1534.00,1264.00,0.00,7207.00,6
1390.00,1504.00,1264.00,0.00,7247.00,6
1544.00,1490.00,1278.00,0.00,7286.00,6
1566.00,1488.00,1278.00,0.00,7326.00,6
1572.00,1498.00,1264.00,0.00,7365.00,6
1590.00,1490.00,1282.00,0.00,7405.00,6
1560.00,1534.00,1272.00,0.00,7445.00,6
1600.00,1540.00,1228.00,0.00,7484.00,6
1580.00,1536.00,1272.00,0.00,7524.00,6
1596.00,1528.00,1272.00,0.00,7563.00,6
1576.00,9162.00,1278.00,0.00,7603.00,6
1608.00,6806.00,1274.00,0.00,7643.00,6
